"﻿俄外交部否认干涉黑山内政。黑山共和国首席特别检察官卡特尼奇日前表示,俄罗斯的一些国家机构涉嫌策划在去年10月黑山举行议会选举期间发动政变,以阻止黑山加入北约。 黑山曾是俄罗斯的传统盟友,但近...  "
"塞浦路斯土耳其族拒绝参加统一谈判。1974年7月,塞浦路斯国民警卫队中的希腊军官策动军事政变,试图推进塞希合并运动。土耳其以保护当地土族居民为由出兵干预,并控制了北部约占全岛三分之一的区域。1983年...  "
"俄外交部官网开设专栏 以揭露有关俄的不实消息。从22日起正式开通这个栏目,目前已经列出4条外国媒体不实报道的链接,分别是俄罗斯政府阴谋策划黑山共和国政变、斯诺登引渡回美的计划、俄国违约秘密部署导弹、俄黑客...  "
"英媒曝俄参与策划刺杀黑山总理事件 俄否认。黑山检方11月指控若干名“俄罗斯民族主义者”涉嫌策划暗杀时任总理久卡诺维奇,称他们企图发动政变,将一名反对党领导人扶上台,这一行动“旨在阻止黑山继续欧洲-大西洋...  "
"有人预谋推翻杜特尔特?菲军方:誓死捍卫总统。特的政敌、目前身陷贩毒指控的前司法部长黎利马,在得知自己有可能于近日内被捕后,曾号召民众“勿再对杜特尔特政府罔顾人权的作风视而不见”,但否认企图煽动政变。...  "
"古代诗词名媛:谢道韫亲自抗敌 薛涛鄙视贪官污吏。705年,张柬之等人拥护李唐宗室的大臣发动神龙政变,武则天被迫退位,唐中宗李显即位。唐中宗又令上官婉儿专掌起草诏令。上官婉儿深得李显、韦皇后信任,被封为昭容,其母...  "
"土耳其 涉嫌参与未遂政变18名士兵受审。央视网消息:21日,18名涉嫌参与未遂军事政变的土耳其士兵,在严密的看押下,从监狱被押送到安卡拉的一家法院受审。此前一天,另有47名土耳其人在土耳其西南部城市穆拉...  "
"埃尔多安签署修宪案 一个“网红”总统的诞生记。从上个世纪60年代到埃尔多安卸任总理,土耳其军队发起了至少4次政变,且次次成功。埃尔多安为了稳定政局,多次削弱军队的权力,赢得了民众的一致好评,也因此于2007年、...  "
"美国学者预言特朗普或遭弹劾,美国人真能赶特朗普下台吗?。办法一:发动合法且和平的“政变”,罢黜总统。《金融时报》称,如果在搜索引擎中输入宪法“第二十五修正案”,会出来很多关于特朗普的结果,这一此前默默无闻的修正案...  "
"《大唐荣耀》:成全你牺牲我自己,沈珍珠升华了爱的意义。男女主人公饱经风雨、曲折感人的爱情,在政变与战火中更显动人、浪漫。作为剧中“灵魂人物”,沈珍珠用她温情而又真挚的爱情故事吸引着观众视线,令人感到亲切、遂生...  "
"【兴证宏观】法国大选:法版“特朗普”要来了?(欧洲大选系列之一)。1799年拿破仑发动政变上台,并于1804年建立第一帝国。1848年法国爆发二月革命,成立第二共和国,并实行总统制。路易?波拿巴当选为总统,在1852年复辟称帝,建立了第二...  "
"虎说八道丨湖人政变最大赢家竟是火箭?你湖也有换遍联盟的武器了。火箭提前锁定本赛季最佳第六人。 @蓝衣BOSS 湖人: 芦苇不懂事,我们的计划输球 但他每次都太爱表现自己让球队强迫性赢球 @RossCurry 看好考辛斯鹈鹕首秀6犯离场 ...  "
"【三分钟法治新闻全知道】印度航班在捷克领空闹乌龙 惊动德国与...。谁都说特朗普成功和土政变失败归于新媒体,可谁都没说到点子上! 今天,“美国校园攻击案”的凶手身份曝光!让所有人陷入沉思... 马云昨天那场讲座的意义被严重低估...  "
"上海党史。苏加诺执政的这十几年遇到过好几次政变,其中有一次政变军队把总统都包围了,这时苏加诺手无寸铁,就在总统府里拿一个话筒对政变军队发表演讲,居然把包围的士兵都讲...  "
"林彪公开对峙毛泽东:“文”较量后企图“武”进攻(1)。林彪在对峙中根本不想做检查,而是寄希望于武装政变。 林彪父子铤而走险,用“武”的方式夺权的新任务,起于1970年秋庐山会议结束之后,不过其前提可以追溯到林彪的儿...  "
...&gt;&gt;&gt;*欢迎阁下莅临*皇冠官方网址:_*网投首选*&gt;&gt;&gt;土耳其未遂政变...。城市早8点 土耳其未遂政变中47人涉嫌暗杀总统受审 数字报 电子报 看报 报纸 多媒体报刊  
"土耳其未遂政变中47人涉嫌暗杀总统受审_第A06版:国际新闻_2017年0...。土耳其未遂政变中47人涉嫌暗杀总统受审 2017年02月22日 大连日报数字报 大连新闻网... 47名土耳其人涉嫌在去年未遂军事政变中企图暗杀土耳其总统埃尔多安,20日在土...  "
"金正男之死:成了谁政治博弈的赌注筹码?。要读个军事学,是不是怀疑金正男要在朝鲜发动军事政变呢?要读金融专业,是不是怀疑金正男要摧毁朝鲜金融以至于朝鲜经济呢? 国内公知喷子不但帮了韩国,还帮了美国。...  "
"威震一方的竹山城关镇杜氏_十堰历史_往事解密_十堰秦楚网 十堰...。“四一二”政变后,全国出现反革命逆流。杜子翼的侄儿杜达夫时任县自卫队二分队队长,率队驻田家坝。杜达夫以接受县人民自卫队改编为名,于农历四月初八回城,与城内...  "
"西安事变后奉系旧部和东北籍人士的反应。奉系人物东北籍人士在事变发生后,拥护中央,反对张杨发动拘留蒋介石和中央军政要员的政变,强烈要求释蒋,都反映了这一心理和愿望。 只有从当年全国的政治氛围观察,...  "
"戊戌变法前后的林旭。慈禧太后发动政变前后,林旭直接参与了康有为、梁启超最后救援光绪帝的活动;光绪帝曾让林旭带给康有为密诏,令他速出京。谭嗣同曾向袁世凯示意救驾,不过林旭则不以为然...  "
巨海集团成杰:中国企业家需要“一语定乾坤”!。时事  中俄海军联合军演现场曝光 日本在距中国最近岛进行夺岛训练 泰国军方正式发动政变封锁政府大楼 菲律宾公布中国被扣渔民最新照片 要闻 更多&gt;&gt; NASA...  
"被废立10次 中国古代“上岗”次数最多的皇后。在新皇后的问题上,当时最有发言权的是刚刚发动政变的赵王司马伦,而他本人已年过花甲,是个政治智商有限的糟老头子,他的决策全部出自自己的心腹孙秀。而羊献容的...  "
"彭银霸金:炒黄金注意哪些消息面_亚东论股(ydlg)_股吧_金融界爱股。如二次大战、美越战争、 1976 年泰国政变、 1986 年“伊朗门”事件等,都使金价有不同程度的上升。比如2001年 9 月份的恐怖组织袭击美国世贸大厦事件曾使黄金...  "
"大明宫词安乐公主和宫女孟凡的姐妹之情。当然在政变之前,孟凡要李隆基答应不伤害安乐公主。由此可以看出,她对安乐公主还是有姐妹之情的。 当然,政变后的结局是她没有想到的,最终安乐公主遇害。也许是时局...  "
"越南盾汇率走势图:越南盾对里拉汇率今日走势2017/02/23。评级机构标普将土耳其的主权评级由BB+下调至BB,前景展望亦由稳定下调至负面,预示将来仍有机会进一步下调土耳其的评级,因为政变之后的政治环境恶化。政治动荡亦导致...  "
"一里拉换多少韩元?(更新:02月23日)。未遂军事政变之后,土耳其政坛单极化趋势进一步损害土耳其各机构间的制衡。土耳其里拉兑美元下跌0.6%。 以上里拉对韩元汇率今日行情的相关信息由中金网行情中心提供,仅供...  "
"新台币汇率计算器:1千新台币是多少里拉?(02月23日)。随着政变被挫败,里拉随后开始反弹,收复了近一半的跌幅。今日,美元兑土耳其里拉曾升破2.97。现美元/里拉报2.9385。 以上新台币对里拉汇率今日行情的相关信息由中金网...  "
百色高仿毕业证_百色高仿毕业证_百度 _ 知道。永州办假大专毕业证:土耳其当局下令拘捕200多名涉嫌参与政变军人:ygewsqqkigaa 平顶山办毕业证:必看 明年楼市怎么走?中央已放出这些信息:ociogaumew 龙海办工程师...  
"有人说2015是史上最坏的一年,真有这么糟吗?。俄罗斯总统普京在公众视野中消失了10天,引发了政变、普京绯闻女友生子、普京生病等各种猜疑。10天后普京终于露面,并立刻宣布举行大规模军事演习。 3月23日,新加坡国父...  "
"重磅推荐:10本航运主题书籍,大宗商业从业者必看。作者以研究2009年版英国协会货物保险条文的内容为基础,分析该条文的政变以及涉及的相关法律的改变,藉此梳理和阐述海上货物保险领域的各项制度及其发展与变化。同时,亦...  "
"社评:2017年的世界会更动荡吗。2016年的世界出了太多“黑天鹅事件”,比如特朗普当选、英国脱欧、土耳其未遂军事政变等等。这些事件会把它们的影响在2017年接着释放。 2017年法国大选将引人关注,如...  "
"部队涨工资相关消息。据悉,此次暴力事件由拖欠工资纠纷引发,而非新的政变。 总统基尔的卫队和猛虎师可能也卷入了此次冲突。苏丹人民解放军发言人马拉克 奥登准将称,“此事件纯属工资纠纷...  "
"祸国殃民!中国史上十大臭名远扬的太监。接着赵高充分施展其凶残手段,诛杀异已腰斩同盟者李斯,他指鹿为马,玩秦二世股掌之上,最后发动政变,逼杀二世。千古一帝秦始皇在天之灵他怎能明白,铁打的大秦江山...  "
“猎鹰9”再次发射成功并实现陆地回收_第A04版:国内新闻_2017年02...。土耳其未遂政变中47人涉嫌暗杀总统受审 巴基斯坦一法院遭袭多人死伤 特朗普任命麦克马斯特为总统国家安全事务助理 联合国对俄常驻代表丘尔金突然离世表示哀悼 特朗普执政首...  
"07.19股市早8点:放心,短期均线仍呈多头排列!。(沙:空头思维占据上风者认为土耳其未遂政变是“黑天鹅”,而我昨日已指出其“负面影响不会很大”! 美国股市的标杆指数道琼斯指数有挺进两万点的能力!  环球股市已经...  "
"揭秘:康生为何要制造“二月兵变”将贺龙折磨致死。当时,林彪曾煽动说中国有人搞政变,康生紧紧抓住了这次立功的机会,捕风捉影,一心想帮助林彪铲除贺龙这个“心腹大患”。 他在一个学生写的说贺龙要组织“二月兵变”...  "
"英媒称俄罗斯欲谋杀黑山总理 俄方否认。被问及《星期日电讯报》的报道时,英国外交部发言人说:“黑山必须通过适当、透明的司法过程,让未遂政变嫌疑人受到法律制裁。” 俄政府发言人20日在例行记者会上再次...  "
"“金正男”死亡事件:马方行为可疑 或另有隐情。所以金正男的生死已与朝鲜政局无关,朝鲜政局的变化也不会影响金正男的生活,除非金正恩被政变者或外部武装干涉搞下去了,金家遭到彻底清算,就像卡扎菲死了,他亲西方且...  "
"真是一家人,总统夫妻档!。上世纪40年代,阿根廷军方将领胡安·庇隆发动军事政变并自任总统,其妻伊娃·庇隆出任劳工部长。出身贫寒的伊娃·庇隆被称为“庇隆夫人”在阿根廷享有极高的声望,在政...  "
"李建成后人 历史上唐朝太子李建成的老婆是谁。武德九年(626年)六月四日发生玄武门政变,郑观音夫死子亡,孀居五十年之后,于上元三年(676年)薨于长乐门内。作者: 编辑:新语扫码变身小作家 惊喜大礼抱回家...  "
"杨贵妃集万千宠爱于一身 因何未登皇后宝座?|杨贵妃|万千-探索发现...。二来是如果封杨玉环为皇后,势必将寿王李瑁心中压抑的怒气激发出来,到时候发生政变也很有可能。其三是杨贵妃得宠后仙及鸡犬,她的兄妹亲戚都得到了朝廷的重用,已经...  "
"明朝最后一位皇帝死前和吴三桂的对话内容,今天读来仍然让人愤怒。1661年缅王弟弟发动政变杀害其兄篡位,并公开残杀明朝官员,袭击永历等驻地,永历随行人员只能夺刀或者举柴还击,马吉翔,沐天波等绝大多数随行人员尽被杀害。永历虽然幸...  "
"克格勃档案中的蒋经国。特别是在军政大学毕业的前一年,1927年4月12日,蒋介石在上海发动反革命政变,对中国共产党人开展屠杀,并与苏共断绝关系。迫于形势,在苏联的蒋经国发表了措辞强烈的...  "
"《三生三世十里桃花》离镜结局是什么?离镜是白浅的初恋吗?。他很冷静地带着自己的部下发动了政变,登基为帝。即使这样离镜也并不觉得开心,直到那天离镜遇上了白浅,那是他此生的劫难。 那么,《三生三世十里桃花》离镜结局...  "
"韩总统""诅咒""缠身: 屋漏偏逢连夜雨, 哀哉!。他们有的经历了政变,有的在任上被刺杀,更多是因为贪腐问题曝光而引起民愤,可谓无一善终。现任韩国总统朴槿惠也没有逃过这一“诅咒”。此次事件会对韩国资本市场...  "
"为什么人民币没有3元?99%的人不知道...。原创丨土耳其政变引爆8大重磅炸弹,对世界影响巨大? 原创丨法国恐袭将给世带来重大改变,中国应警告美韩必要时考虑摧毁萨德! 原创丨南海仲裁出炉,扯掉了谁的遮羞布...  "
"原创丨缅甸又打起来了,流弹又落入中国,什么情况?。如果昂山素季只有美国支持,那缅甸军事集团就可能不承认大选结果或在大选后择机推翻昂山政权,美国对此将毫无办法;现在,中美都承认昂山政权,军事集团政变就可能葬送自己...  "
"频繁救市?其实也是被央妈逼的。当年国家提出保8的gdp增幅底线,就是为了控制4的失业率问题,万一失业率突破4%,据说就会出现团体闹政变的可能。 互联网的普及其实带来的是民意的公开,如果不转型也没...  "
"BT美股大盘周报:美股大盘新高是圈套还是起点?。英国脱欧的风暴还没有过去,就接连发生了美国的袭警案和黑白种族对立的矛盾升级,就在过去的几天里,法国尼斯发生汽车杀人大案,土耳其政变尾随,周末美国又再爆杀警和...  "
"Everybody wins,写在多哈之前:石油地缘政治重磅解读。直到1921年2月,军官礼萨汗·巴列维发动政变,夺取政权,建立巴列维王朝。 1979年宗教领袖霍梅尼发动伊斯兰革命推翻巴列维的统治之前,巴列维王朝一直是美国在中东的代言人...  "
"抓住“妖”镍:你需要跟着扑克了解的42个问题。提问者:土耳其政变对镍的影响怎么看? 土耳其政变跟镍没有什么关系,它即不是镍的生产国,又不是镍的消费国。 提问者:电解镍的用途比例有数据吗? 电解镍的用途、...  "
"呕吐一夜七窍流血而死 是谁毒死康有为。正当康有为等踌躇满志的时候,反对派发动“戊戌政变”,就把改良派打了下去。光绪皇帝被囚禁,谭嗣同等人被杀,康有为、梁启超逃往国外。戊戌变法,前后一百零三天,又称...  "
