"面对暴恐分子,他冲了上去。article_16"" id=""artibody""> □本报记者潘从武 □本报通讯员唐延王国银 在处置一起暴恐案件过程中，面对穷凶极恶的暴恐分子，他置个人生死于不顾，勇往直前、毫不退缩。 在制服一名暴恐分子后，突遭另一名手持大砍刀暴恐分子的袭击，面部眉骨处被划开10厘米长的口子，左小臂和右手均被砍伤，在血流不止倒地的情况下，他仍英勇战斗，果断将暴恐分子击毙。 他就是武警部队“反恐勇士”、武警新疆总队七支队下士李波。 “我将珍惜荣誉，尽心履职，用敢当先锋、勇打头阵的实际行动，为党旗、军旗再添光彩，永远做党和人民的忠诚卫士!”7月19日，在新疆乌鲁木齐市隆重举行的武警部队授予李波“反恐勇士”荣誉称号命名大会上，李波上台领奖时“喊”出了自己的心声。 即便倒下也要保持战斗姿势 天幕如墨，冷风嗖嗖。连续执勤十多个小时的李波虽有点疲惫，但始终保持着高度戒备。对讲机里突然传来处置几名行凶暴徒的命令。 巡逻车立刻向事发地疾驰。作为组长的李波边带领5名战友整理装具，边安排部署处置方法，仅用35秒就到了现场。 车未停稳，李波率先跳下车，现场的情况比想象的复杂得多，几个燃烧瓶冒着滚滚浓烟，一片狼藉…… 李波刚冲过去，一名暴徒向李波投来两个燃烧瓶。李波躲过袭击后鸣枪警告，暴徒不仅没有停止，反而挥刀向他扑来，眼疾手快的李波和战友协力将其制服。 战斗异常激烈。李波在向前搜索时，一个黑影挥舞着大刀突然从停放的车辆后面扑来，李波侧身一躲，刀尖绕过头顶，划破左臂。李波向右后斜跑寻找战机，刹那间，凶残的暴徒冲到李波跟前挥刀便砍，在李波左脸上划开一道10厘米长的口子，顿时血流如注。暴徒再次举刀，李波本能地两腿一蹬，就势一滚，再次扣动扳机……暴徒倒地了，但李波因流血过多昏了过去。 事后有人问李波:“是什么力量让你在身负重伤的情况下，仍跟暴徒殊死搏斗?”“是本能。狭路相逢勇者胜。平时练出本事、练出血性，战场上就是这个反应。”李波的回答引起了广大官兵的共鸣。 官兵们在赞叹李波有军人样子的同时，纷纷讲述李波心系战场，矢志精武的感人故事。指导员邢晓辉说:“李波的优点是好胜心强，而缺点是太好强，甭管和谁他都要比一比，几乎到了疯狂的程度。” 一次次被强手击倒，又一次次爬起来继续挑战，最令李波兴奋的是向高手叫板。他和老兵比体能，和排长比擒敌，和中队长比射击……刚开始时，比赛的结果虽然基本是以李波落败而告终，但他屡败屡战，一次不行就两次，两次不行就三次，直到战胜对手为止。 和李波一起执勤的战友都清楚，李波一上巡逻车就研究执勤地图。有人曾嘲笑他:“你一个小兵，干好分内的事就行了，兵力部署那是指挥员的事。”李波却坚定地回答:“是战士，就要谋打仗。战场上每个人的行动都关系成败，小兵的责任更重。” 一次次迎着明晃晃的刀锋出击，一次次向着艰险冲锋……在反恐战场，李波以勇敢顽强、不怕牺牲的血性之躯，完成了士兵向英雄的升华。入伍两年多，他先后完成了30余次急难险重任务，抓获犯罪分子50余人。 采访中，李波不经意说起的一句话让记者记忆深刻:“只要战斗没结束，哪怕是倒下，也要保持战斗状态!” 宁可丢命也要保住手中武器 “当了这么多年医生，我还是第一次见一个人在生命垂危时，把枪看得比命还重，确实令人佩服。”新疆莎车县人民医院医生洪月阳提起李波受伤送到医院时的情景，充满了敬佩之情。 洪月阳感慨地告诉记者，那天晚上李波被送来时，满脸鲜血，伤势很重已昏迷，但他的双手却死死抱着自己的钢枪。“我在给他治疗时，没想到他把枪抱得更紧了。他盯着我问，我的战友在哪里，必须先把枪亲手交给他!” 几番劝说无果后，医生只好联系到李波的战友郑智。看到熟悉的战友，李波终于松开了紧握钢枪的双手。他把枪交到郑智手里后，反复叮嘱，枪里有子弹，先验枪。看着郑智验枪完毕后，李波才松了一口气。 洪月阳称赞:“生死关头，我们看到了革命战士铁一般的作风纪律。” “将作风纪律养成融入血液并形成本能反应，靠的不是一时一事的激情迸发，而是日复一日、千磨万击的坚持与沉淀。”走进李波所在的中队，中队长吕知根的一番话让记者对李波拼死护枪的行为有了更深的思考。 在李波日记本的扉页上，他写下这样几行小诗:“‘第二生命’是我枪，形影不离入梦乡，苦练本领同巡逻，艰辛欢笑共品尝。风里雨里情谊长，血里火里捷报扬，打不烂来拆不开，无声战友好儿郎。”话虽质朴，却胜在情真。在他眼里，手中的钢枪已不只是冰冷的武器，而是值得用生命守护的伙伴和战友。 即使流血也要保护亲密战友 观看李波和暴徒殊死搏斗的视频时，大家发现一个细节:李波在运动中与暴徒拉开了距离，他的枪口已经对准了暴徒，但迟迟没有扣动扳机! “如果果断开枪，暴徒就不可能把你砍伤，为什么要放弃这个保护自己的绝佳机会?”面对大家的质疑，李波淡定地说:“本想开枪的，但我看到暴徒身后有两名赶来增援的战友。” “就算开枪，也不一定会误伤战友。”有人不解地问李波。 “哪怕有一丝误伤的可能，我也不会开枪。”李波的态度斩钉截铁，“上了战场，战友就要同生共死。哪能为了自己把战友置于险境。” 经历了一次次战场洗礼后，李波对第一次参加战斗时班长说过的那句话有了更深刻的体会:“什么是战友?战友就是在战场上可以把后背交给他的人!” 在中队里，李波其实并不是素质最优秀、表现最突出的一个，但他在生死瞬间迸发出的那份血性与豪情，恰恰最能体现已融入每名战士血液之中的本能。他们胸怀使命，敢于担当，临危不惧，勇敢战斗，不惜一切地保护人民群众的生命财产安全，哪怕为之付出鲜血、生命。 在日记本最新的一页，李波写下了这样一段话:“成为一名战士，我无比幸运、无比自豪。经历生死考验，更让我可以从容面对军旅、面对人生。一次胜利的战斗不是我的终点，我将更加努力地发起下一次战斗冲锋。” （原标题：面对暴恐分子,他冲了上去）"
"索马里反恐亟待国际合作。article_16"" id=""artibody""> 索马里极端组织“青年党”26日在首都摩加迪沙的半岛皇宫酒店制造自杀式汽车炸弹袭击，造成至少15人死亡。中国大使馆一名工作人员不幸遇难，另有3名工作人员受伤。 “青年党”声称，这是对非洲联盟驻索马里特派团和索马里政府军近期在索南部对其围剿的报复。但这实际上是一起无差别袭击，包括中国人在内多国人员成为这起暴恐袭击的受害者。而选择有大量外国人居住，且守卫森严的半岛皇宫酒店作为袭击目标则意在最大程度地制造国际影响。 “青年党”无疑在挑战国际社会的底线。在全球恐怖主义威胁升级的背景下，国际社会携手反恐刻不容缓。 自索马里1991年陷入内战以后，伴随着战乱，恐怖袭击事件频繁发生，“青年党”等恐怖组织剿而不灭。 内乱为恐怖主义滋生提供温床。连年战乱、武装割据、部落势力坐大给予了“青年党”等恐怖组织蔓延的空间，西亚北非动荡又进一步刺激其制造杀戮。而索马里过渡政府势单力薄，只能偏居一隅，无力维护国家安全。 贫困促使一些青年人铤而走险。索马里青年失业率居高不下，民众在赤贫与饥荒中挣扎，许多走投无路的青年被“洗脑”加入“青年党”等组织，或是迫于生计而做了海盗，成为恐怖势力壮大的“生力军”。贫穷落后的问题得不到解决，恐怖主义威胁就会长期存在。 索马里是全球恐怖主义现状的缩影。在西亚和非洲地区，那些社会经济长期停滞、外部打压与内部动荡交织、各种矛盾积弊已久的国家令恐怖组织趋之若鹜：战乱环境有利于其安营扎寨，民生积弱有利于其人员招募，安全真空有利于不同组织勾结串联。 如今，“基地”国际化布局加快，“伊斯兰国”异军突起，地区恐怖组织合流，一条“不稳定之弧”的半径正在延伸，“亚非恐怖带”规模空前。全球恐怖主义正在呈现组织网络全球化、恐怖分子本土化、作案手段高科技化的新趋势。这一趋势更加剧了地区的不稳定性，诱发周边国家产生连锁反应。 “东非之角”的反恐困局是全球恐怖主义毒瘤裂变增生的典型症状，倘若继续听之任之，沦陷的绝不仅仅是索马里。这里应该成为国际反恐战场的必争之地。从资金技术支持、设备人员培训，到情报信息共享、共同制定预案，反恐领域亟需更全面、有效的合作。 15条生命的陨落再次向国际社会拉响警报。正如联合国负责维和行动的助理秘书长穆莱特所说，联合国在索维和目标的实现，需要所有合作伙伴提供强有力的支持。索马里联邦政府、非盟及其出兵国、联合国以及所有主要伙伴必须共同履行各自承诺，共同实施商定的战略。 发生此次暴恐袭击的索马里并不遥远，其背后的危险也可能已经潜藏在你我周围。反恐需要携手应对，摒弃双重标准。国际社会任重道远。摘编自新华社7月27日文/陈聪 （原标题：索马里反恐亟待国际合作）"
"索“青年党”报复非盟殃及我使馆。article_16"" id=""artibody""> 索马里首都摩加迪沙半岛皇宫酒店26日遭到自杀式汽车炸弹袭击，至少15人不幸遇难，40余人受伤。中国驻索使馆位于酒店内，中国外交部证实，中国驻索马里大使馆一名负责安全警卫的工作人员在袭击中受重伤医治无效不幸去世，另有3名使馆工作人员受轻伤。此外，有一名卡塔尔外交人员在袭击中受伤。索马里极端组织“青年党”已宣称制造了这起袭击事件。 袭击者引爆“成吨”爆炸物 当地媒体报道称，自杀式袭击者驾驶一辆卡车，撞上了摩加迪沙半岛皇宫酒店外的防爆墙。美联社当地报道员说，这家卡车上装有“成吨”的爆炸物。英国广播公司报道员称，这是他在摩加迪沙所见的“最惨烈的”爆炸场景之一。爆炸的冲击波至少损毁了半岛酒店的8间房间。 半岛皇宫酒店是当地人开办的私人酒店，也是索马里最高档的酒店之一，平时宾客多是高级政府官员和外国人。半岛皇宫酒店一向被认为是摩加迪沙最安全的地方之一，不仅有酒店雇用的保安人员全副武装在门口把守，距离酒店围墙几米之外的位置还设有防爆墙。据悉，这次自杀式袭击者驾驶的卡车就是撞上防爆墙后发生的爆炸。虽然防爆墙在一定程度上减弱了爆炸的破坏力，但强大的冲击力仍然带来了严重后果。 至少15人丧生多为平民 摩加迪沙警方介绍，自杀式袭击者在半岛皇宫酒店门口引爆炸药，造成至少15人死亡。警方表示，死者多为平民，另有数名酒店保安。 中国驻索马里大使馆的办公场所就设在半岛皇宫酒店最高的5层和6层，在这次爆炸中部分房间受损。中国外交部证实，4名当时正在馆内办公的使馆工作人员在袭击中受伤，其中一名负责安全警卫的工作人员因伤势严重医治无效不幸去世，另有3名使馆工作人员受轻伤。 据了解，除一名中国使馆人员遇难外，还有一名卡塔尔外交人员在袭击中受伤。 摩加迪沙玛迪娜医院医生杜妮亚·穆罕默德说，医院已收治40余名伤者，其中一些人伤势非常严重。 索马里“青年党”宣称负责 “青年党”宣称制造了此次袭击，自称是为了报复非洲联盟驻索马里特派团和索马里政府军近期在索马里南部对其进行的围剿。此次袭击发生的前一天，“青年党”武装人员还在摩加迪沙枪杀了一名索马里议员。 索马里“青年党”是一个与“基地”组织有关联的极端组织，近年来在索马里和邻国肯尼亚多次发动袭击。 背景 中国驻索使馆去年复馆 1991年索马里陷入内战后，中国驻索使馆撤离，由中国驻肯尼亚使馆代管索马里有关事务。 2012年后，索马里北部的局势开始缓和。当年9月，哈桑·谢赫·马哈茂德当选索马里总统，至此，索马里正式结束长达8年的政治过渡期，成立内战爆发21年来首个正式政府。在安全局势趋缓情况下，中国驻索马里大使馆在撤离23年后回归。 去年6月30日，外交部发言人洪磊在例行记者会上宣布，中方决定恢复驻索马里使馆，并于7月1日向索马里派出复馆小组。时隔23年后，中国驻索大使馆于去年10月12日正式复馆，在半岛皇宫酒店办公。 今年4月18日，中国驻索大使馆曾发布安全提醒公告。公告称，1至4月摩加迪沙每月发生一起严重恐怖袭击事件，提醒中国公民来索马里前要了解当地形势，入住“四周有缓冲和防爆墙、防冲撞设施、安保措施严密的饭店”，“外出时要有武装安保人员随行，快去快回”。 □反应 中国强烈谴责并向索方提出交涉 中国外交部发言人陆慷就索马里恐怖袭击导致中方人员伤亡发表谈话。 陆慷说，索马里首都摩加迪沙半岛皇宫酒店遭到自杀式汽车炸弹袭击，造成多国多名人员伤亡。中国驻索使馆位于酒店内，正在馆内办公的中国驻索使馆1名负责安全警卫的工作人员因伤势严重医治无效不幸去世，另有3名使馆工作人员受轻伤。 陆慷说，中方对上述恐怖袭击深感震惊并予以强烈谴责，对中方人员遇难深感悲痛并深表哀悼，对其家属和受伤人员表示诚挚慰问。中方在此也向所有遇难人员表示哀悼。 他说，事件发生后，党中央、国务院高度重视，外交部立即紧急开展应急处置工作，目前使馆工作人员已全部转移至安全地区。 陆慷说，中方已在摩加迪沙和北京分别向索方提出交涉。索方表示将采取一切必要措施，全力救治伤者，妥善处理有关问题，确保中国驻索机构和人员安全。 他表示，外交部将和有关部门密切沟通，做好遇难人员的善后工作，密切跟踪形势，加强自身安保防范，保护中方在索机构和人员的安全和利益。 □释疑 1.中方人员是否为袭击目标？ 中国、卡塔尔和阿联酋等国的使馆都在半岛皇宫酒店。“青年党”选择向外国人居住的酒店发动袭击，其目的就在于扩大影响，制造声势。中方人员应不是其袭击的目标。此外，本次袭击发生在美国总统奥巴马访非之际，不排除“青年党”借机造势。 索马里“青年党”原先占据索马里中部和南部大部分地区。2012年9月，索马里成立新政府后，在非洲联盟维和部队协助下，逐步将“青年党”武装驱逐出重要城市。此后，“青年党”时常发动报复性袭击并将目标扩展至参与非盟维和部队的国家，其中包括数次在肯尼亚制造严重恐怖袭击。“青年党”宣称制造了此次袭击，自称是为了报复非索团和索马里政府军近期在索马里南部对其进行的围剿。 此次遭遇袭击的半岛 皇宫酒店距当地机场约5分钟车程，宾客多为索马里政府高级官员和外国人。中国、卡塔尔和阿联酋等国的使馆都在半岛皇宫酒店，索马里政府官员和外国人也经常出入这家酒店。从目前掌握的情况看，“青年党”发动的此次袭击并无特定目标，选择外国人集中的皇宫酒店制造此次暴恐袭击，显然是为了制造更严重的国际影响。 此外，本次袭击发生在美国总统奥巴马访非之际，不排除“青年党”借机造势。 2.索“青年党”为何屡剿不灭？ 与索马里混乱的政治经济现状有着直接联系，同时，“青年党”善于利用复杂的部族矛盾为自身攫取利益。 11年来不断制造袭击的“青年党”是一个非常狡猾、且“生命力”极其顽强的恐怖组织。2012年以来，在西方国家、非索团以及肯尼亚、乌干达等邻国军队重重围剿之下，“青年党”相继失去摩加迪沙和南部重镇基斯马尤等城市据点，但它迅速改变策略，从驻守城市转变为渗入乡村，行踪更为诡秘，潜在危害性也不断 上升。 “青年党”之所以在各方打击之下依然势力不减，与索马里混乱的政治经济现状有着直接联系。自1991年以来，索马里长期处于军阀割据状态，国内冲突不断，经济全面崩溃。在这种混乱局势之下，“青年党”最初利用民众绝望和无助的情绪，承诺恢复安全、发展经济和强化宗教，获得 了不少支持。 同时，“青年党”善于利用复杂的部族矛盾为自身攫取利益，部落冲突频发的索马里南部、肯尼亚北部边境等地区在一定程度上已成为滋生恐怖分子的温床。该组织内部领导层由多部族成员构成，可以满足不同部族的利益，尽管内斗不断，但在很长一段时间里，组织结构一直相对稳定。 本版综合 新华社 新华国际客户端 京华时报记者 潘珊菊 （原标题：索“青年党”报复非盟殃及我使馆）"
"“袭击国际人士意图制造更大影响力”。article_16"" id=""artibody""> 26日，索马里首都酒店“半岛皇宫”遇袭，数十人死伤，中国大使馆正在馆内办公的一名负责安全警卫的工作人员因伤势严重医治无效不幸去世。对于此次袭击事件，社科院专家接受新京报记者采访作出解读。采写/新京报记者 王晓枫 1 为何袭击驻外使馆所在酒店？ 进入2015年，索马里“青年党”不断在非洲制造恐怖袭击，社科院西亚非洲研究所研究员贺文萍对新京报记者表示，这应该是在索马里发生的首次针对有驻外使馆所在酒店的袭击。 此次遇袭的“半岛皇宫”酒店距离机场不远，保安严密，中国、埃及和卡塔尔大使馆位于酒店当中。 “这并非是一起专门针对中国使馆的袭击事件，该酒店入住客人大都是国际性人士，“青年党”是瞄准这个国际层面人员聚居的地区，意图通过袭击引发国际关注，造成国际人士的伤亡最符合他们的目标，比只伤害本地人造成的影响力大。”贺文萍解释说。 贺文萍表示，索马里自冷战以后一直处于动荡状态，虽然中央政府已经迁回摩加迪沙，很多国家也陆续恢复使馆，但安全局势一直堪忧。而且索马里政府对于打击“青年党”能力有所不足，这也就是为什么周边国家和非盟要对其进行援助共同打击，最近各国加大打击力度，“青年党”因此反扑制造这起袭击。 最近，非盟特派团和索马里国家军队在索南部对“青年党”发动名为“朱巴走廊”的行动，“青年党”丧失了从2008年就一直控制的两个重镇拜多阿和丁索尔。 2 索马里如何向中国交代？ 目前，中国使馆人员已经转移到安全地方，中国外交部也已向索马里政府展开交涉。贺文萍表示，索马里政府不可能因为这起事件迅速消灭青年党，但要面对经济理赔，虽然他们也无法控制这样的事件，但根据《维也纳公约》，他们有责任保护他国外交人员。 对于一些人担忧中国使馆是否会撤离索马里，贺文萍认为，中国使馆不会因为这起袭击就撤离索马里，这会影响大国形象，也会影响两国间工作，可能会因为这起袭击而在今后一段时间内进行调整，要重新选择办公地点。 据报道，半岛酒店一侧被完全炸毁，贺文萍认为，中国使馆很可能要重新选址，未来安全问题会是使馆工作的重中之重。 3 在动荡国家如何为大使馆选址？ 贺文萍指出，虽然有防爆墙，但酒店防范能力还是有限，美国在一些局势动荡国家的使领馆会采取更严密防护，例如设置精钢挡板。美国驻肯尼亚使馆曾在1998年遇袭，之后升级安保装置。这起爆炸后，在摩加迪沙的很多使馆都会采取相应措施加强安保。 对于中国使馆应如何提升安全措施，贺文萍指出，摩加迪沙整体安全形势不好，其他国家使馆有的设在酒店里，也有的选择在单独院落，至于哪个更安全，也没有绝对的量化标准。 但贺文萍也强调，虽然有很多不确定因素，还是可以遵循这几个原则，首先，还是要选择大使馆较为集中的区域，在其他区域单独设立使馆更危险。其次，可以选择靠近当地政府机构的区域，毕竟这样的区域安保力量比较强。最后，中国使馆自身也要加强安保防范意识，设立多重保卫措施使自己人员免受伤害。 4 “青年党”何以屡剿不灭？ 1991年索马里政府瓦解后，无政府状态下逐渐产生武装组织“伊斯兰法院联盟”，“青年党”前身为2004年成立的激进组织“伊斯兰团结组织”，该组织后来也加入了“伊斯兰法院联盟”。之后，“伊斯兰法院联盟”在埃塞俄比亚的打击下失势并解体，“青年党”从中分离，于2009年宣誓效忠“基地组织”，逐步控制包括首都摩加迪沙在内的索中南部地区。 面对“青年党”不断崛起，2011年在美欧支持下，非盟出兵索马里，“青年党”不断败退，地盘只剩下索中南部一些农村和边远地区，但难以根除。 对此，贺文萍指出，索马里长期处于无政府状态是“青年党”难以消灭的最根本原因，再加上“青年党”如今呈现分散状态，混在平民和难民中，为打击带来不少难度。 此外，自去年以来，伊斯兰国崛起使恐怖主义阵营发生深刻变化，非洲多地沦为暴恐策源地。分析人士认为，“青年党”目前虽势力收缩，但索马里政府能力有限，外部军事干预难以长久，再加上“青年党”获得当地一些部落和民众支持，很可能和其他恐怖势力合流，进一步加大打击难度。 （原标题：“袭击国际人士意图制造更大影响力”）"
"索马里酒店遭恐袭我使馆1人不幸遇难。article_16"" id=""artibody""> 当地时间7月26日下午4时左右（北京时间晚9时左右），索马里首都摩加迪沙半岛皇宫酒店遭到自杀式汽车炸弹袭击。目前已造成至少15人遇难，40余人受伤，伤亡人员大多为当地平民。 设在酒店内的中国驻索马里大使馆受到波及，中国外交部证实，使馆一名工作人员在此次袭击中不幸遇难，另有3名工作人员受伤。 极端组织“青年党”宣称制造了此次袭击事件。“青年党”选择向外国人居住的酒店发动袭击，其目的就在于扩大影响，制造声势。中方人员应不是其袭击的目标。据新华社 外交部 强烈谴责 已提出交涉 外交部发言人陆慷27日就索马里恐怖袭击导致中方人员伤亡发表谈话。 他称，中方对上述恐怖袭击深感震惊并予以强烈谴责，对中方人员遇难深感悲痛并深表哀悼，对其家属和受伤人员表示诚挚慰问。中方在此也向所有遇难人员表示哀悼。 事件发生后，党中央、国务院高度重视，外交部立即紧急开展应急处置工作，目前使馆工作人员已全部转移至安全地区。 中方已在摩加迪沙和北京分别向索方提出交涉。索方表示将采取一切必要措施，全力救治伤者，妥善处理有关问题，确保中国驻索机构和人员安全。 外交部将和有关部门密切沟通，做好遇难人员的善后工作，密切跟踪形势，加强自身安保防范，保护中方在索机构和人员的安全和利益。 事发地 多国使馆 设在半岛皇宫酒店 半岛皇宫酒店是当地人开办的私人酒店，也是索马里最高档的酒店之一，平时宾客多是高级政府官员和外国人，一向被认为安保措施严密。 中国驻索马里大使馆位于这座6层酒店的最高两层。爆炸造成使馆部分房屋受损。 出于安全考虑，中国、卡塔尔、阿联酋等国家的使馆将办公场所设在这家酒店，索马里政府官员和外国人也经常出入这家酒店。 从目前掌握的情况看，“青年党”发动的此次袭击并无特定目标，选择外国人集中的皇宫酒店制造此次暴恐袭击，显然是为了制造更严重的国际影响。 现场惨烈如地震 中国使馆内当时有4人正在办公 “爆炸发生时，感觉就像发生了地震，人们尖叫着四散奔逃……我在摩加迪沙还从未经历过这样剧烈的爆炸”。27日，索马里首都摩加迪沙半岛皇宫酒店员工阿卜迪·迪普向新华社记者谈起前一天的遭遇时，仍心有余悸。 袭击现场及周边的场景，无一不印证着迪普的说法：酒店建筑部分坍塌，被炸毁、烧焦的汽车横在酒店前，消防队员正从酒店内向外搬运碎石瓦砾。 酒店附近不少建筑物也在爆炸中受损，窗户玻璃被震碎，一些建筑的房顶甚至被震得扭曲变形，街上布满瓦砾，连用作隔离交通的水泥墩都被掀翻。 根据摩加迪沙警方的说法，事发时，一名自杀式袭击者驾驶装有炸药的卡车，在半岛皇宫酒店门口引爆，造成酒店部分建筑倒塌。 半岛皇宫酒店一向被认为是摩加迪沙最安全的地方之一，不仅有酒店雇用的保安人员全副武装在门口把守，距离酒店围墙几米之外的位置还设有防爆墙。据悉，这次自杀式袭击者驾驶的卡车就是撞上防爆墙后发生的爆炸。虽然防爆墙在一定程度上减弱了爆炸的破坏力，但强大的冲击力仍然带来了严重后果。 “爆炸的冲击力导致部分楼体坍塌，我们目前已将被埋在坍塌墙体下的遇难者遗体清理完毕，”当地警官阿卜杜勒·穆罕默德说。 自2014年10月复馆后，中国驻索马里大使馆的办公场所就设在半岛皇宫酒店最高的5层和6层，在这次爆炸中部分房间受损。 外交部发言人陆慷说，4名当时正在馆内办公的使馆工作人员在袭击中受伤，其中一名负责安全警卫的工作人员因伤势严重医治无效不幸去世，另外3人受轻伤。中国驻索使馆消息人士说，使馆3名伤者目前正在当地医院接受治疗。 当地高级警官马哈德·阿里告诉新华社记者，除一名中国使馆人员遇难外，还有一名卡塔尔外交人员在袭击中受伤。 摩加迪沙玛迪娜医院医生杜妮亚·穆罕默德说，医院已收治40余名伤者，其中一些人伤势非常严重，“一些人被严重烧伤，医生正在尽全力抢救”。 谁是幕后黑手 索马里“青年党”认领恐袭 无差别袭击意在制造国际影响 根据摩加迪沙警方的消息，一名自杀式袭击者26日驾驶装有炸药的卡车，在“半岛皇宫”酒店门口引爆，造成酒店部分建筑倒塌。警方表示，死者多为平民，其中还有数名酒店保安。随后，索马里极端组织“青年党”宣称制造了此次袭击，并称此举是为了报复非洲联盟驻索马里特派团和索马里政府军近期在索南部对其发动的围剿。 这实际上是一起无差别袭击，包括中国人在内多国人员都成为了这起暴恐袭击的受害者。而选择有大量外国人居住，且守卫森严的半岛皇宫酒店作为袭击目标则是意在最大程度地制造国际影响。 “青年党”无疑在挑战国际社会的底线。在全球恐怖主义威胁升级的背景下，国际社会携手扫除反恐“盲区”刻不容缓。 屡剿不灭 “青年党”案底累累 自索马里1991年陷入内战以后，伴随着战乱，恐怖袭击事件频繁发生，“青年党”等恐怖组织剿而不灭。梳理“青年党”制造的暴恐袭击活动，用心狠手辣来形容绝不为过。 “青年党”与“基地”组织有关联，2007年至2011年控制着摩加迪沙大片地区。此后在非洲联盟部队打击下，“青年党”被逐出摩加迪沙和其他主要城市。不过，这一极端武装仍时常在索马里或邻国肯尼亚发动袭击，2013年9月袭击肯尼亚首都内罗毕的韦斯特盖特购物中心，致死近70人。 仅在今年上半年，“青年党”发动的恐怖袭击活动就已经造成数百人死亡。 2月20日，“青年党”在索马里首都摩加迪沙中央酒店发动自杀式袭击，造成28人丧生，54人受伤。死伤者中包括国会议员和政府官员。 4月2日，“青年党”袭击肯尼亚东北部加里萨市莫伊大学，造成包括142名学生在内的148人死亡。 6月24日，“青年党”在索马里首都摩加迪沙袭击了一个阿联酋外交官车队，造成14人死亡。6月27日，“青年党”袭击非洲联盟驻索马里特派团，造成几十名布隆迪维和人员死亡。 应尽快扫除“东非之角”反恐盲区 20多年来，国际社会和区域组织曾多次尝试解决索马里冲突，但建树寥寥。 美国等大国没有在索马里和平进程中发挥应有作用，索马里的某些邻国则各有盘算，救援乏力。国际社会的漠视与茫然，令这个“东非之角”成为了国际反恐斗争的“盲区”。索马里是全球恐怖主义现状的缩影。扫除反恐“盲区”亟待合作。“东非之角”的反恐困局是全球恐怖主义毒瘤裂变增生的典型症状，倘若继续听之任之，沦陷的绝不仅仅是索马里。 这里不该是“视野之外”、反恐“盲区”，而恰恰应该成为国际反恐战场的必争之地。从资金技术支持、设备人员培训，到情报信息共享、共同制定预案，反恐领域亟需更全面、有效的合作。 15条生命的陨落再次向国际社会拉响警报，任何人都应绷紧安全之弦。 （原标题：索马里酒店遭恐袭我使馆1人不幸遇难）"
"“东伊运”成员揭秘暴恐音视频炮制过程：造假合成 素材网上扒。article_16"" id=""artibody""> 中新社北京7月22日电 综合消息：麦尔丹·毛拉洪在“东伊运”做的事，即使在恐怖组织成员看来也很神秘，甚至被列为“高度机密”。日前他在中国官方的中央电视台纪录片《谎言包装下的“迁徙圣战路”》中，面对镜头揭秘被视为“绝密”但却充满谎言与欺骗的暴恐音视频炮制过程。 麦尔丹今年不到30岁，参加恐怖组织之前从事服装生意，买卖好的时候，一年能挣30多万元人民币。他一心想做个民族服装品牌，梦想着能打入中亚国家市场，直到他接到舅舅的电话，这一切就结束了。 “因为想去读书，学习宗教知识，做外贸也需要学语言”，麦尔丹回忆说，多年前出国的舅舅称境外有一处“学习知识”的好地方，那里很多经学院都是免费的，一定得来一趟。然而麦尔丹一到当地就发现，那里的生活条件比新疆最一般的农村还差，集市上人人有枪，有时在集市就会发生当街互殴，“这是我第一次出国，记得很清楚。我从小到大没见过扛着枪的人，(在那里)没有安全感”。 看到现实和理想的巨大反差，想要离开的麦尔丹被舅舅和“组织”强制留下，“组织”成员在十几天里对他轮番“洗脑”。最终，他加入了“东伊运”。在恐怖袭击中，麦尔丹失去右腿，他的舅舅也被当地政府军击毙。 右腿截肢后，麦尔丹被派到“东伊运”的“宣传中心”。在将近半年的时间里，为制作暴恐音视频的人当助手，接触到恐怖组织的“高度机密”。而作为组织内部“最神秘的人”，提到“东伊运”制作的暴恐音视频，麦尔丹却在镜头前露出轻蔑的表情说，“是假的！” 比如经常在暴恐视频中出现的人数众多、煞有介事的作战场面，麦尔丹介绍说，“迷彩服能在市场上买到，聚集二三十人，让他们穿上那些衣服，就是为了拍画面才那么做，实际上没有这种兵力”。麦尔丹表示，由于惧怕军事打击，恐怖组织白天很少聚众活动，而视频中所说的各种战果，也“不是那回事”。“比如(视频中)宣称我们‘占领’了某个监狱或我们‘占领’了某个点，‘解放’了某个点，说类似这样的话来吸引别人，实际上没有这样被‘解放’的地方”。 麦尔丹还说，暴恐音视频里很多素材都是网上扒取的。之所以这么干，目的就是为招募成员，“2012至2013年间，不少人都是看了视频来的”。据新疆警方的资料，在侦破系列暴恐案件中发现，几乎所有暴恐人员都有过收听、收看、传播境外恐怖组织宣扬暴力恐怖、宗教极端思想音视频的经历，这其中有相当一部分暴恐音视频就出自“东伊运”。 曾在境外参加偷渡组织的吐尔逊对“东伊运”的造假行径也予以证实，“在2014年9月份的时候，‘东伊运’有个做宣传的人叫阿布杜热西提，他跑到土耳其来了。其他人问他，所有人都向往那里(指战区)，你为什么要跑回来，他说，我制作的那些视频不是真实的，我干了对不起良心的事”。 如今在押的麦尔丹出国前所有美好的愿望都被摧毁了，但他却感到在看守所比在境外恐怖组织“踏实的多”，他希望以自己的亲身经历告诫人们，“不要抛弃父母、可爱的孩子和家庭，不要丢下最热爱的家乡，背井离乡漂泊在外”。(完) （原标题：“东伊运”成员揭秘暴恐音视频炮制过程：造假合成 素材网上扒）"
"浙江温州抓获2名暴恐分子 查获爆炸物等凶器。article_16"" id=""artibody""> 浙江在线7月24日讯(浙江在线 记者/蔡方 编辑/沈正玺) 7月24日中午，浙江在线记者从温州市人民政府新闻办公室了解到，近日，温州公安机关根据省公安厅的线索通报，发现一暴恐犯罪团伙在温活动。对此，省市县三级公安机关高度重视，立即成立联合专案组开展工作。 经侦察，于7月24日凌晨5时实施统一抓捕行动，成功抓获2名暴恐分子(均为男性)，现场查获爆炸物5枚及刀具等凶器。现案件正在进一步调查中。 新浪新闻留意到，近一个月来，辽宁沈阳、河北石家庄均有暴恐分子被抓或被击毙： 7月13日，沈阳警方在抓捕涉恐犯罪嫌疑人过程中，4名暴恐分子挥刀拒捕，为防止造成严重社会危害，在警告无效的情况下，警方依法果断开枪，击毙3人，击伤1人，现场无群众伤亡。目前，案件正在进一步调查中。详细>>> 恐怖分子潜回国欲炸石家庄商场被抓。据嫌犯自述：我想在石家庄挣点钱，打听寻找爆炸装置材料。目的是多挣点钱，呆在石家庄。我实施爆炸目标是石家庄一个商场，计划是到石家庄后培养其他人，然后安排他们在其它城市实施爆炸。目前该恐怖分子已被抓。详细>>>"
"湘潭一对男女24日晚在路上被捅数十刀 嫌犯已就擒。article_16"" id=""artibody""> 被捅女子倒地，不少路人前来围观帮忙。 路人为被捅女子止血。 湘潭警方快速赶到现场处理。 湘潭一对男女被捅数十刀追踪：系前夫行刺前妻 红网长沙7月24日讯(时刻新闻记者 郑涛 通讯员 禹亚钢)“今晚8点多，湘潭潭城门口一男一女两人被人刺十几刀……现在正在紧急抢救中。”今晚9时许，有人在微信发朋友圈称，湖南省湘潭市两个行人被一歹徒捅伤，其中一名女子倒地，地上流满鲜血，引起路人惊慌。 一名自称目击案发全过程的网友“一天疯三次的张三疯”称：“我们看到一男子挥刀捅照片中女子数刀，路人进行制止后，我的一个护士朋友及时上去，为伤者进行了止血，并且跟伤者说话，鼓励她坚持，千万不要睡。” 随后，时刻新闻记者迅速联系了湘潭市公安局。据当地警方通报，当晚8时许，湘潭雨湖区潭城发生一起故意伤害案，两人受伤。 案发后，正在附近巡逻的湘潭市公安局巡特警、湘潭市公安局交警支队民警和雨湖区公安分局民警迅速赶到现场，将犯罪嫌疑人抓获。 目前，伤者已送医院抢救，暂无生命危险。案件正在进一步调查中。朋友圈、微博所传暴恐或所谓“出轨”引发的命案与事实不符。 （原标题：湘潭一对男女24日晚在路上被捅数十刀 嫌犯已就擒）"
"湖南一对男女当街被捅数十刀 嫌犯已抓获(图)。article_16"" id=""artibody""> 湘潭警方快速赶到现场调查处理。"
"缜密侦查温州抓获暴恐团伙成员。article_16"" id=""artibody""> 本报温州(浙江)7月24日电 记者王春 记者今天从浙江省温州市人民政府新闻办公室获悉，近日，温州公安机关根据浙江省公安厅的线索通报，发现一暴恐犯罪团伙在温州活动。对此，省市县三级公安机关高度重视，立即成立联合专案组开展工作。经侦查，于7月24日凌晨5时实施统一抓捕行动，成功抓获两名暴恐分子(均为男性)，现场查获爆炸物5枚及刀具等凶器。案件正在进一步调查中。 （原标题：缜密侦查温州抓获暴恐团伙成员）"
"索马里发生暴恐袭击波及中国大使馆。article_16"" id=""artibody"">"
"索马里恐袭中方人员1死3伤。article_16"" id=""artibody"">"
"索马里恐袭致中方伤亡 幕后黑手浮出水面。article_16"" id=""artibody""> 王琳 自1993年美军撤离后，索马里成为了“被遗忘的非洲之角”。这个以海盗闻名的国家，如今又以一场悲剧引发了世界的关注。 索马里首都摩加迪沙半岛皇宫酒店26日遭遇自杀式汽车炸弹袭击，目前已造成至少15人遇难，40余人受伤，伤亡人员大多为当地平民。设在酒店内的中国驻索马里大使馆受到波及。中国外交部证实，使馆一名工作人员在此次袭击中不幸遇难，另有3名工作人员受伤。 极端组织“青年党”宣称制造了此次袭击事件。新华社分析称，“青年党”选择向外国人居住的酒店发动袭击，其目的就在于扩大影响，制造声势。中方人员应不是其袭击的目标。 波及中国大使馆 中国外交部发言人陆慷27日上午证实，当地时间26日下午4时左右（北京时间晚9时左右），摩加迪沙半岛皇宫酒店遭到自杀式汽车炸弹袭击，造成多国多名人员伤亡。 此次遭遇袭击的半岛皇宫酒店距当地机场约5分钟车程，宾客多为索马里政府高级官员和外国人。中国驻索马里大使馆位于这座6层酒店的最高两层。爆炸造成使馆部分房屋受损，正在馆内办公的中国驻索使馆1名负责安全警卫的工作人员因伤势严重医治无效不幸去世，另有3名使馆工作人员受轻伤。 新华社昨日发文称，中国、卡塔尔和阿联酋等国的使馆都在半岛皇宫酒店，索马里政府官员和外国人也经常出入这家酒店。从目前掌握的情况看，“青年党”发动的此次袭击并无特定目标，选择外国人集中的皇宫酒店制造此次暴恐袭击，显然是为了制造更严重的国际影响。这也充分暴露了该组织反人类、反社会的恐怖主义本质。 中索于1960年12月14日建交。1990年底，索马里内战爆发，中国驻索使馆、医疗队和工程技术人员于1991年1月被迫撤离，迄未返回。此后，由中国驻肯尼亚使馆代管索马里有关事务。2014年10月12日，中国驻索马里使馆在时隔23年后正式复馆，办公场所正是设在半岛皇宫酒店最高的5层和6层。 索马里“青年党”目的何在？ 综合外媒报道显示，事发当时，一名自杀式袭击者驾驶一辆卡车，撞上了半岛皇宫酒店外的防爆墙，这辆卡车上装有“成吨”的爆炸物。有英国媒体报道称，这是他在摩加迪沙所见的“最惨烈的”爆炸场景之一。爆炸的冲击波至少损毁了半岛酒店的8间房间。 媒体援引曾采访中国驻索马里使馆复馆仪式的新华社记者的话称，半岛皇宫酒店是当地人开办的私人酒店，安保严密。酒店雇佣的保安人员全副武装在酒店门口把守，酒店下还有装备重机枪的卡车，酒店有密室般厚重的大门。在通往酒店的道路两端，设有检查站。 极端组织“青年党”宣称对此次暴恐袭击事件负责。 “青年党”成立于2004年初。2009年，“青年党”宣誓向“基地”组织效忠，由此成为“基地”组织在非洲的最大分支，逐渐成为威胁整个地区的极端武装组织。 多年来，“青年党”将袭击目标锁定在被其视为“叛国者”的索马里政府官员及支持者、西方国家、联合国[微博]机构、非索团以及向该国派遣军队的肯尼亚、乌干达和吉布提等国。 本次袭击发生在美国总统奥巴马访非之际，不排除“青年党”借机造势。“青年党”宣称制造了此次袭击之余，还自称是为了报复非盟部队和索马里政府军近期在索马里南部对其进行的围剿。此次袭击发生前一天，“青年党”还在摩加迪沙枪杀了一名索马里议员。"
"中方一名警卫遇难，3人受伤。article_16"" id=""artibody""> 索马里首都摩加迪沙半岛皇宫酒店26日遭遇自杀式汽车炸弹袭击，设在酒店内的中国驻索马里大使馆受到波及。中国外交部证实，使馆一名工作人员在此次袭击中不幸遇难，另有3名工作人员受伤。极端组织“青年党”宣称制造了此次袭击事件。“青年党”选择向外国人居住的酒店发动袭击，其目的就在于扩大影响，制造声势。中方人员应不是其袭击的目标。 恐袭至少造成15人死亡 摩加迪沙警方介绍，袭击者在半岛皇宫酒店门口引爆炸弹，造成酒店部分建筑倒塌，至少15人死亡，多人受伤。警方表示，死者多为平民，另有数名酒店保安。 据了解，半岛皇宫酒店的安保级别较高，被认为是摩加迪沙相对安全的区域之一。目前，警方已封锁爆炸现场和周边道路，展开搜救和调查，伤者已被送往医院接受救治。 “青年党”宣称制造了此次袭击，自称是为了报复非洲联盟驻索马里特派团和索马里政府军近期在索马里南部对其进行的围剿。此次袭击发生的前一天，“青年党”武装人员还在摩加迪沙枪杀了一名索马里议员。 索马里“青年党”是一个与“基地”组织有关联的极端组织，近年来在索马里和邻国肯尼亚多次发动袭击。 中国使馆位于酒店最高两层 索马里“青年党”原先占据索马里中部和南部大部分地区。2012年9月，索马里成立新政府后，在非洲联盟维和部队协助下，逐步将“青年党”武装驱逐出重要城市。此后，“青年党”时常发动报复性袭击并将目标扩展至参与非盟维和部队的国家，其中包括数次在肯尼亚制造严重恐怖袭击。 此次遭遇袭击的半岛皇宫酒店距当地机场约5分钟车程，宾客多为索马里政府高级官员和外国人。中国驻索马里大使馆位于这座6层酒店的最高两层。爆炸造成使馆部分房屋受损，中国驻索马里使馆一名负责安全警卫的工作人员因伤势严重医治无效不幸去世，另有3名工作人员受轻伤。目前伤者正在医院接受救治。 中国、卡塔尔和阿联酋等国的使馆都在半岛皇宫酒店，索马里政府官员和外国人也经常出入这家酒店。从目前掌握的情况看，“青年党”发动的此次袭击并无特定目标，选择外国人集中的皇宫酒店制造此次暴恐袭击，显然是为了制造更严重的国际影响。 “爆炸如同强烈地震” “爆炸发生时，感觉就像发生了地震，人们尖叫着四散奔逃……我在摩加迪沙还从未经历过这样剧烈的爆炸”。27日，索马里首都摩加迪沙半岛皇宫酒店员工阿卜迪·迪普向新华社记者谈起前一天的遭遇时，仍心有余悸。 根据摩加迪沙警方的说法，事发时，一名自杀式袭击者驾驶装有炸药的卡车，在半岛皇宫酒店门口引爆，造成酒店部分建筑倒塌。 半岛皇宫酒店一向被认为是摩加迪沙最安全的地方之一，不仅有酒店雇用的保安人员全副武装在门口把守，距离酒店围墙几米之外的位置还设有防爆墙。据悉，这次自杀式袭击者驾驶的卡车就是撞上防爆墙后发生的爆炸。虽然防爆墙在一定程度上减弱了爆炸的破坏力，但强大的冲击力仍然带来了严重后果。 “爆炸的冲击力导致部分楼体坍塌，我们目前已将被埋在坍塌墙体下的遇难者遗体清理完毕。”当地警官阿卜杜勒·穆罕默德说。 当地高级警官马哈德·阿里告诉新华社记者，除一名中国使馆人员遇难外，还有一名卡塔尔外交人员在袭击中受伤。 摩加迪沙玛迪娜医院医生杜妮亚·穆罕默德说，医院已收治40余名伤者，其中一些人伤势非常严重，“一些人被严重烧伤，医生正在尽全力抢救”。 索马里极端组织“青年党”已宣称制造了这起袭击事件，并称此举旨在报复非盟驻索马里特派团和索马里政府军近期在索南部对“青年党”实施的围剿。据新华社 ■反应 中方强烈谴责恐怖袭击 已向索方提出交涉 外交部发言人陆慷27日就索马里恐怖袭击导致中方人员伤亡发表谈话。 陆慷说，中方对上述恐怖袭击深感震惊并予以强烈谴责，对中方人员遇难深感悲痛并深表哀悼，对其家属和受伤人员表示诚挚慰问。中方在此也向所有遇难人员表示哀悼。 他说，事件发生后，党中央、国务院高度重视，外交部立即紧急开展应急处置工作，目前使馆工作人员已全部转移至安全地区。 陆慷说，中方已在摩加迪沙和北京分别向索方提出交涉。索方表示将采取一切必要措施，全力救治伤者，妥善处理有关问题，确保中国驻索机构和人员安全。据新华社 ■新闻链接 索马里青年党 近年来制造的恐袭 2015年6月26日，青年党向非盟设在索马里南部的一处军事基地发动袭击，造成50多名布隆迪军人丧生。 2015年4月2日，青年党在肯尼东北部城市加里萨市的莫伊大学发动恐怖袭击，造成148人丧生。 2014年10月，青年党在肯尼亚北部曼德拉地区制造公交车袭击事件，造成28人死亡。 2013年10月19日，索马里中部城市贝莱德文发生自杀式爆炸袭击，造成至少16人死亡，多人受伤。青年党“认领”这起袭击，称袭击目标是参加非盟维和部队的军人。 2013年9月，青年党在肯尼亚首都内罗毕韦斯特盖特购物中心制造了严重暴力恐怖袭击事件，造成至少240人伤亡。 2013年4月14日，摩加迪沙地区法院大楼遭到自杀式袭击，包括9名武装人员在内的20余人身亡。索马里青年党宣称制造袭击。 2011年10月4日，青年党武装人员在摩加迪沙一政府大院内发动自杀式袭击，导致至少65人死亡。 据新华社 ■背景资料 索马里青年党 索马里青年党的前身是“伊斯兰法院联盟”。1991年1月索马里的西亚德·巴雷政权倒台后，索马里局势持续动荡，并催生了包括“伊斯兰法院联盟”（下文称“联盟”）在内的大量武装派别。 2004年，信奉原教旨主义的宗教极端组织“联盟”成立并在短短两年内击败各派军阀，控制了索马里东部和南部大部分地区。 2006年底，埃塞俄比亚出兵索马里。2007年，“联盟”被逐出了大部分占领区。“联盟”的失利导致内部分裂，坚持强硬路线的青年人从该组织中分离出来，组成索马里“青年党”。索马里2012年9月组建新政府后，新政府在非洲联盟维和部队协助下，逐渐将索马里青年党武装逐出重要城市。 此后，索马里青年党时常发动报复性袭击。目前该组织估计有4000~6000人。据新华社 （原标题：中方一名警卫遇难，3人受伤）"
"索马里暴恐袭击波及我使馆。article_16"" id=""artibody""> 索马里首都摩加迪沙半岛皇宫酒店26日遭遇自杀式汽车炸弹袭击，设在酒店内的中国驻索马里大使馆受到波及。 中国外交部证实，使馆一名工作人员、来自山东的武警张楠在此次袭击中不幸遇难，另有3名工作人员受伤。 极端组织“青年党”宣称制造了此次袭击事件。“青年党”选择向外国人居住的酒店发动袭击，其目的就在于扩大影响，制造声势。中方人员应不是其袭击的目标。 摩加迪沙警方介绍，袭击已造成至少15人死亡。 索马里暴恐袭击波及我使馆 目前袭击已经造成15人死亡 一名来自山东的我使馆武警不幸遇难 现场 “感觉发生了地震” 司机驾驶卡车直接撞上防爆墙 “爆炸发生时，感觉就像发生了地震，人们尖叫着四散奔逃……我在摩加迪沙还从未经历过这样剧烈的爆炸”。27日，索马里首都摩加迪沙半岛皇宫酒店员工阿卜迪·迪普向新华社记者谈起前一天的遭遇时，仍心有余悸。 半岛皇宫酒店是当地人开办的私人酒店，也是索马里最高档的酒店之一，平时宾客多是高级政府官员和外国人，一向被认为安保措施严密。出于安全考虑，中国、卡塔尔、阿联酋等国家的使馆将办公场所设在这家酒店。 半岛皇宫酒店一向被认为是摩加迪沙最安全的地方之一，不仅有酒店雇用的保安人员全副武装在门口把守，距离酒店围墙几米之外的位置还设有防爆墙。 据悉，这次自杀式袭击者驾驶的卡车就是撞上防爆墙后发生的爆炸。虽然防爆墙在一定程度上减弱了爆炸的破坏力，但强大的冲击力仍然带来了严重后果。 中方 一名武警不幸遇难 3人受伤 自2014年10月复馆后，中国驻索马里大使馆的办公场所就设在半岛皇宫酒店最高的5层和6层，在这次爆炸中部分房间受损。 中国驻索马里使馆一名负责安全警卫的工作人员因伤势严重医治无效不幸去世，另有3名工作人员受轻伤。目前伤者正在医院接受救治。 7月27日《环球时报》记者获悉，这名遇难武警是来自山东武警总队的张楠，并在今年4月份曾在一次恐怖袭击中中弹受伤。 张楠于今年1月31日赴索马里执行任务。4月14日，张楠在一次恐怖袭击中左胸中弹。苏醒后单位领导与他通话，这位有血性的士兵坚决表示负伤不下火线，不愿撤回国内。据悉，张楠是武警山东总队“十佳士官”之一，“十佳训练标兵”之一。他两次被评为优秀士兵，两次受嘉奖，两次荣立三等功。在微信朋友圈中，张楠的战友表示悼念和致敬，他们说，他唯一的姐姐去年因患癌症去世，他是把无尽的悲痛深埋在心底，义无反顾、勇敢出征的。 从目前掌握的情况看，“青年党”发动的此次袭击并无特定目标，选择外国人集中的皇宫酒店制造此次暴恐袭击，显然是为了制造更严重的国际影响。 交涉 外交部发言人发表谈话 深感震惊并予以谴责 外交部发言人陆慷27日就索马里恐怖袭击导致中方人员伤亡发表谈话。 陆慷说，中方对上述恐怖袭击深感震惊并予以强烈谴责，对中方人员遇难深感悲痛并深表哀悼，对其家属和受伤人员表示诚挚慰问。中方在此也向所有遇难人员表示哀悼。 他说，事件发生后，党中央、国务院高度重视，外交部立即紧急开展应急处置工作，目前使馆工作人员已全部转移至安全地区。 陆慷说，中方已在摩加迪沙和北京分别向索方提出交涉。索方表示将采取一切必要措施，全力救治伤者，妥善处理有关问题，确保中国驻索机构和人员安全。 他表示，外交部将和有关部门密切沟通，做好遇难人员的善后工作，密切跟踪形势，加强自身安保防范，保护中方在索机构和人员的安全和利益。 （原标题：索马里暴恐袭击波及我使馆）"
"报复国际围剿索马里青年党日益猖獗。article_16"" id=""artibody""> ■这是个什么样的组织 报复国际围剿 索马里青年党 日益猖獗 索马里极端组织“青年党”宣称制造了此次袭击，并称此举是为了报复非洲联盟驻索马里特派团和索马里政府军近期在索南部对其发动的围剿。本月25日，“青年党”武装分子还在摩加迪沙枪杀了一名索马里议员。 梳理“青年党”制造的暴恐袭击活动，用心狠手辣来形容绝不为过，其前身——“伊斯兰法院联盟”就是一个十分危险的组织。 索马里长期陷入战乱。2004年，信奉原教旨主义的宗教极端组织“伊斯兰法院联盟”成立并在短短两年内就击败各派军阀，控制了索马里东部和南部大部分地区。该组织掌权后不仅实行严格的宗教法律，还宣称要建立包括邻国埃塞俄比亚和肯尼亚境内的索马里人聚居区在内的“大索马里”，让周边国家十分不安。 2006年底，埃塞俄比亚出兵索马里。面对埃塞正规军，“伊斯兰法院联盟”武装很快溃散。就在这段时间，其下属的一个分支却发展壮大起来并另立门户。这就是“青年党”（又称“伊斯兰青年运动”）。 “青年党”在重新整合并调整战略后，与埃塞军队及其支持的索马里过渡政府展开长期对抗，并迫使埃塞在2009年1月撤军。“青年党”也很快夺回了“伊斯兰法院联盟”丢失的地盘。 此后，非洲联盟向索马里了增派维和部队，肯尼亚政府也于2011年出兵索马里围剿“青年党”。2012年9月，索马里成立新政府后，在非洲联盟维和部队协助下，逐步将“青年党”武装驱逐出重要城市。此后，“青年党”时常发动报复性袭击并将目标扩展至参与非盟维和部队的国家，其中包括数次在肯尼亚制造严重恐怖袭击。 此后，“青年党”又宣布向“基地”组织效忠，先后在乌干达、肯尼亚等国家制造了一系列震惊世界的暴恐袭击事件。 据新华社 （原标题：报复国际围剿索马里青年党日益猖獗）"
"中国大使馆被炸。article_16"" id=""artibody"">"
"索马里恐怖袭击殃及中国大使馆。article_16"" id=""artibody"">"
"幕后黑手“青年党”缘何屡剿不灭？。article_16"" id=""artibody""> 梳理“青年党”制造的暴恐袭击活动，用心狠手辣来形容绝不为过，其前身——“伊斯兰法院联盟”就是一个十分危险的组织。 宣布效忠“基地”组织 索马里长期陷入战乱。2004年，信奉原教旨主义的宗教极端组织“伊斯兰法院联盟”成立并在短短两年内就击败各派军阀，控制了索马里东部和南部大部分地区。该组织掌权后不仅实行严格的宗教法律，还宣称要建立包括邻国埃塞俄比亚和肯尼亚境内的索马里人聚居区在内的“大索马里”，让周边国家十分不安。 2006年底，埃塞俄比亚出兵索马里。面对埃塞正规军，“伊斯兰法院联盟”武装很快溃散。就在这段时间，其下属的一个分支却发展壮大起来并另立门户。这就是“青年党”（又称“伊斯兰青年运动”）。 “青年党”在重新整合并调整战略后，与埃塞军队及其支持的索马里过渡政府展开长期对抗，并迫使埃塞在2009年1月撤军。“青年党”也很快夺回了“伊斯兰法院联盟”丢失的地盘。 此后，非洲联盟向索马里了增派维和部队，肯尼亚政府也于2011年出兵索马里围剿“青年党”。在外部强力介入下，“青年党”再度逐渐败退，失去了对重要城镇的控制权。于是，“青年党”越发猖獗地制造暴恐事件，并将袭击对象扩大至那些参与打击它的非洲国家。 此后，“青年党”又宣布向“基地”组织效忠，先后在乌干达、肯尼亚等国家制造了一系列震惊世界的暴恐袭击事件。 长期内乱滋生恐怖主义 11年来不断制造袭击的“青年党”是一个非常狡猾、且“生命力”极其顽强的恐怖组织。2012年以来，在西方国家、非索团以及肯尼亚、乌干达等邻国军队重重围剿之下，“青年党”相继失去摩加迪沙和南部重镇基斯马尤等城市据点，但它迅速改变策略，从驻守城市转变为渗入乡村，行踪更为诡秘，潜在危害性也不断上升。 “青年党”之所以在各方打击之下依然势力不减，与索马里混乱的政治经济现状有着直接联系。自1991年以来，索马里长期处于军阀割据状态，国内冲突不断，经济全面崩溃。在这种混乱局势之下，“青年党”最初利用民众绝望和无助的情绪，承诺恢复安全、发展经济和强化宗教，获得了不少支持。 同时，“青年党”善于利用复杂的部族矛盾为自身攫取利益，部落冲突频发的索马里南部、肯尼亚北部边境等地区在一定程度上已成为滋生恐怖分子的温床。该组织内部领导层由多部族成员构成，可以满足不同部族的利益，尽管内斗不断，但在很长一段时间里，组织结构一直相对稳定。 （原标题：幕后黑手“青年党”缘何屡剿不灭？）"
"外交部：中方强烈谴责暴恐事件。article_16"" id=""artibody""> 外交部发言人陆慷27日就索马里恐怖袭击导致中方人员伤亡发表谈话。 陆慷说，此次袭击造成多国多名人员伤亡，中国驻索使馆位于酒店内，正在馆内办公的中国驻索使馆1名负责安全警卫的工作人员因伤势严重医治无效不幸去世，另有3名使馆工作人员受轻伤。陆慷说，中方对上述恐怖袭击深感震惊并予以强烈谴责，对中方人员遇难深感悲痛并深表哀悼，对其家属和受伤人员表示诚挚慰问。中方在此也向所有遇难人员表示哀悼。他说，事件发生后，党中央、国务院高度重视，外交部立即紧急开展应急处置工作，目前使馆工作人员已全部转移至安全地区。 陆慷说，中方已在摩加迪沙和北京分别向索方提出交涉。索方表示将采取一切必要措施，全力救治伤者，妥善处理有关问题，确保中国驻索机构和人员安全。 本栏文图均据新华社 （原标题：外交部：中方强烈谴责暴恐事件）"
"效忠“基地” 袭击“软目标”。article_16"" id=""artibody""> 档案 索马里长期陷入战乱。2004年，信奉原教旨主义的宗教极端组织“伊斯兰法院联盟”成立并在短短两年内就击败各派军阀，控制了索马里东部和南部大部分地区。该组织掌权后不仅实行严格的宗教法律，还宣称要建立包括邻国埃塞俄比亚和肯尼亚境内的索马里人聚居区在内的“大索马里”，让周边国家十分不安。 2006年底，埃塞俄比亚出兵索马里。面对埃塞正规军，“伊斯兰法院联盟”武装很快溃散。就在这段时间，其下属的一个分支却发展壮大起来并另立门户。这就是“青年党”（又称“伊斯兰青年运动”）。 “青年党”在重新整合并调整战略后，与埃塞军队及其支持的索马里过渡政府展开长期对抗，并迫使埃塞在2009年1月撤军。“青年党”也很快夺回了“伊斯兰法院联盟”丢失的地盘。 此后，非洲联盟向索马里增派了维和部队，肯尼亚政府也于2011年出兵索马里围剿“青年党”。在外部强力介入下，“青年党”再度逐渐败退，失去了对重要城镇的控制权。于是，“青年党”越发猖獗地制造暴恐事件，并将袭击对象扩大至那些参与打击它的非洲国家。 此后，“青年党”又宣布向“基地”组织效忠，先后在乌干达、肯尼亚等国家制造了一系列震惊世界的暴恐袭击事件。 今年以来，索马里“青年党”增加了对“软目标”的袭击，迄今摩加迪沙已发生至少4起严重恐怖袭击事件，前三次袭击的都是饭店，4月14日袭击了索教育部大楼，造成大量人员伤亡。 （原标题：效忠“基地” 袭击“软目标”）"
"中国驻索马里大使馆所在酒店遭遇恐袭。article_16"" id=""artibody"">"
"恐怖分子潜回国欲炸石家庄商场被抓(图)。article_16"" id=""artibody""> 视频加载中，请稍候..."
"恐怖分子欲炸石家庄商场被抓 父母以为其在留学。article_16"" id=""artibody""> 视频加载中，请稍候..."
"策划石家庄暴恐案分子：父母以为他在国外留学。article_16"" id=""artibody""> 原标题：策划石家庄暴恐案分子：父母以为他在国外留学 视频：恐怖分子潜回国欲炸石家庄商场被抓 来源：中央电视台 中新网7月20日电 据央视新闻报道，今年以来，警方已经抓获多名遣返回国的暴恐分子，并由此破获多起暴恐预谋案件，艾克拜尔就是在叙利亚接受东运组织暴恐袭击训练、返回中国境内，准备在石家庄实施犯罪的一名骨干成员。 2013年年初，艾克拜尔在境外结识了一个化名为艾力的男子，自诩宗教学识很高，给他讲得最多的就是如何以暴恐方式以“殉教”来进天堂。 艾克拜尔称，艾力告诉他个人出于某些原因自杀和“圣战”而死是不一样的。“圣战”而死是为了宗教而死，不属于自杀而属于“殉教”。 根据艾克拜尔的供述，警方确认这个艾力的真实身份，是国际恐怖组织东伊运的成员。 办案民警说，从艾力的做法看，就是用极端思想来洗他们的脑，让他们看视频，介绍“圣战”和东伊运，还给他们解决一些费用，前往土耳其、叙利亚等地。 在艾力的撺掇下，艾克拜尔辗转多国到达土耳其待命，并拥有了假名。在伊斯坦布尔期间，他接到艾力的“圣战”指令，和同行的人准备乘车前往土叙边境城市，从那里偷渡去叙利亚战区。 艾克拜尔与叙利亚武装偷渡团伙接上了头，但身上的钱却被搜刮一空。在偷渡后，他被编入一个武装组织，开始接受军事训练，与七八个人挤在一个小房间里，不能出去，在那里学习制爆技术，吃穿都靠别人送来，没有能谈心的人。 在接受训练的日子里，艾克拜尔的困惑越来越多，他说，“现在想想当时做的事情，感到非常悔恨”。 三个多月时间，艾克拜尔接受了枪械使用和制造爆炸物的训练，并在艾力的唆使下，产生了回到中国实施恐怖袭击的想法。艾克拜尔先是以偷渡的方式回到土耳其，在今年年初回到国内。 艾克拜尔说，他原先准备在石家庄赚点钱，打听寻找爆炸装置所需的材料，并将目标锁定为石家庄的一个商场。他还准备在石家庄培养一些人，让他们在国内其他城市实施爆炸。 在这个过程中，艾克拜尔用他在国外talkbox给艾力通话。自以为人不知鬼不觉的艾克拜尔在还没来得及实施爆炸案前，就被警方抓获，而他的父母还以为他在国外留学。艾克拜尔远在喀什的父亲在探望他的途中突发疾病去世，面对家人的灾难，他流下了悔恨的泪水，并意识到了所谓的“圣战”到底伤害的是谁？"
"恐怖分子欲炸石家庄商场被抓。article_16"" id=""artibody"">"
"恐怖分子境外受训练回国后欲炸商场被抓。article_16"" id=""artibody""> 今年以来，警方已经抓获多名潜回国内的暴恐分子，并由此破获多起暴恐预谋案件，艾克拜尔就是在叙利亚接受东伊运恐怖组织暴恐袭击训练返回中国境内，准备实施犯罪的一名骨干成员。据了解，他曾在叙利亚接受军事训练，学习制造爆炸物，曾观看“圣战”视频被洗脑，潜回国内准备实施爆炸的目标是石家庄的一个商场。艾克拜尔在实施爆炸前，被警方抓获，而他的父母还以为他在国外留学。 结识恐怖分子被洗脑 2013年年初，艾克拜尔在境外结识了一个化名为艾力的男子，这个自诩宗教学识很高的人，给他讲述最多的是如何以暴恐手段实现殉教，进天堂。 艾克拜尔说，他在书上看到了关于穆斯林自杀是要进火狱的内容，同时也观看了“吉哈德”视频中自杀式爆炸的视频，他认为这就等于是自杀，这两者是相互矛盾的，他对此产生了疑问。 而艾力却告诉他，个人出于某些原因自杀和“圣战”而死是不一样的，“圣战”而死是为了宗教而死，不属于自杀，属于“殉教”。 根据艾克拜尔的供述，警方确认这个艾力的真实身份是国际恐怖组织东伊运的成员。 办案民警介绍，从艾力的做法看，就是用宗教极端思想来洗艾克拜尔这类人的脑，让他们看“圣战”的视频，在他们产生“圣战”的意识以后，向他们介绍“圣战”和东伊运，还给他们解决一些费用，让他们到土耳其、叙利亚等地。 在土耳其等待“圣战”指令在艾力的撺掇下，艾克拜尔辗转多个国家到达土耳其待命，并有了一个阿布努热合曼(音)的假名。在土耳其伊斯坦布尔期间，艾克拜尔接到了艾力关于“圣战”的指令。 “我到了土耳其以后艾力告诉我，要把我安排到一个‘圣战’的地方。”艾克拜尔说，在艾力的安排下，艾克拜尔和同行的人准备乘车前往边境城市，从那里偷渡进入叙利亚战区。 随后，艾克拜尔通过一名土耳其人和叙利亚的武装偷渡团伙接上了头，在边境交接现场，他们身上为数不多的钱被所谓热心人搜刮一空。 艾克拜尔称，“土耳其人收了每人80里拉，阿拉伯人收了我们两个人共220里拉，当时那个阿拉伯人用车把我们接到这来的，他把我们带到他们家并给我们倒了茶，还拿出了糖，当时我还挺感动，想他们是为了穆斯林服务的，最后我们走的时候，他向我们要了钱，我这才知道他们所做的一切是为了钱”。 在叙利亚接受军事训练 在偷渡进入叙利亚国境后，艾克拜尔被编入一个武装组织，开始接受军事训练。 “现在想想当时做的事情，我感到非常悔恨”，艾克拜尔说，当时的生活环境很恶劣，七八个人挤在一间小房里睡，要是下雨的话，地上非常泥泞，根本出不去，只能呆在房子里，他们在那里学习了制爆技术，在那里只能依靠别人生活，吃的穿的都是别人送来的，那里也没有能够谈心的人。 在武装组织接受训练的那些日子里，他的困惑越来越多。 他们的衣服是个阿拉伯人送过来的旧衣服，人们都争抢这些衣服，人们吃的牛肉罐头是欧洲国家的，上面也没清真食品标识。“我们穆斯林特别注意这一点，看到这些我就想不通。”艾克拜尔说。 三个多月的时间，艾克拜尔接受了枪械使用和制造爆炸物的训练，并在艾力的唆使下，产生了回到中国制造暴恐袭击的想法。随后，艾克拜尔又以偷渡的方式回到了土耳其。 潜回国准备袭击被抓获 今年初，艾克拜尔潜回国内准备伺机实施暴恐袭击。 “我回来的目的就是想实施爆炸，我想先筹集一些资金，然后再实施爆炸。”艾克拜尔说。他想在石家庄挣点钱，打听寻找爆炸装置材料，实施爆炸的目标是石家庄的一个商场，计划的是到了石家庄后培养其他人，然后安排他们在其它城市实施爆炸。 办案民警介绍称，艾克拜尔回国两天后，用他在国内的talkbox(网络即时通讯工具)跟艾力通过话，他的意思就是表达平安进入国内，然后东伊运给他回话，平安就好。 自以为人不知鬼不觉的艾克拜尔，还没来得及实施暴恐袭击计划，就被警方抓获，而在这之前，他的父母还一直以为自己的儿子在国外留学。关押期间，艾克拜尔远在喀什的父亲在探望他的途中，因突发疾病不幸离世。面对因为自己给个人和家庭带来的灾难，艾克拜尔意识到所谓的“圣战”到底伤害的是谁。 “我想对我妈妈说，妈妈请您原谅我”，艾克拜尔说，不管是上学的还是有跟他一样思想的年轻人，不要轻信暴恐音视频的蛊惑，不要感情用事，要理性思考判断，他骗了家人，辜负了他们对自己的期望。据央视 （原标题：恐怖分子境外受训练回国后欲炸商场被抓）"
"恐怖分子潜回国欲炸石家庄商场被抓。article_16"" id=""artibody""> 恐怖分子潜回国欲炸石家庄商场被抓 他的父母之前还以为他在国外留学 父亲在探望他的途中突发疾病去世 今年以来，警方已经抓获多名遣返回国的暴恐分子，并由此破获多起暴恐预谋案件，艾克拜尔就是在叙利亚接受东伊运组织暴恐袭击训练、返回中国境内，准备在石家庄实施犯罪的一名骨干成员。 2013年年初，艾克拜尔在境外结识了一个化名为艾力的男子，自诩宗教学识很高，给他讲得最多的就是如何以暴恐方式以“殉教”来进天堂。 艾克拜尔称，艾力告诉他个人出于某些原因自杀和“圣战”而死是不一样的。“圣战”而死是为了宗教而死，不属于自杀而属于“殉教”。 根据艾克拜尔的供述，警方确认这个艾力的真实身份，是国际恐怖组织东伊运的成员。 办案民警说，从艾力的做法看，就是用极端思想来洗他们的脑，让他们看视频，介绍“圣战”和东伊运，还给他们解决一些费用，前往土耳其、叙利亚等地。 在艾力的撺掇下，艾克拜尔辗转多国到达土耳其待命，并拥有了假名。在伊斯坦布尔期间，他接到艾力的“圣战”指令，和同行的人准备乘车前往土叙边境城市，从那里偷渡去叙利亚战区。 艾克拜尔与叙利亚武装偷渡团伙接上了头，但身上的钱却被搜刮一空。在偷渡后，他被编入一个武装组织，开始接受军事训练，与七八个人挤在一个小房间里，不能出去，在那里学习制爆技术，吃穿都靠别人送来，没有能谈心的人。 在接受训练的日子里，艾克拜尔的困惑越来越多，他说，“现在想想当时做的事情，感到非常悔恨”。 三个多月时间，艾克拜尔接受了枪械使用和制造爆炸物的训练，并在艾力的唆使下，产生了回到中国实施恐怖袭击的想法。艾克拜尔先是以偷渡的方式回到土耳其，在今年年初回到国内。 艾克拜尔说，他原先准备在石家庄赚点钱，打听寻找爆炸装置所需的材料，并将目标锁定为石家庄的一个商场。他还准备在石家庄培养一些人，让他们在国内其他城市实施爆炸。 在这个过程中，艾克拜尔用他在国外talkbox(网络即时通讯工具)给艾力通话。自以为人不知鬼不觉的艾克拜尔在还没来得及实施爆炸案前，就被警方抓获，而他的父母还以为他在国外留学。艾克拜尔远在喀什的父亲在探望他的途中突发疾病去世，面对家人的灾难，他流下了悔恨的泪水，并意识到了所谓的“圣战”到底伤害的是谁。 据央视 （原标题：恐怖分子潜回国欲炸石家庄商场被抓）"
"恐怖分子欲炸商场。article_16"" id=""artibody""> @公安部打四黑除四害:7月20日，公安部治安局官方微博公布一起涉恐案件，扬言“实施爆炸的目标是石家庄的一个商场，计划是到了石家庄后培养其他人，然后安排他们在其他城市实施爆炸”的犯罪嫌疑人艾克拜尔已被警方抓获。 据了解，今年以来，警方已经抓获多名遣返回国的暴恐分子，由此破获多起暴恐预谋案件。 （原标题：恐怖分子欲炸商场）"
"美征兵点成暴恐袭击目标。article_16"" id=""artibody""> □本报驻华盛顿记者陈小方 7月16日，美国田纳西州的两个军事设施遭到一名枪手的袭击。据报道，这名枪手先是袭击了查塔努加市中心的一个海军陆战队的征兵点，然后又驱车10多公里前往海军预备役中心，共有4名海军陆战队预备役士兵被打死，还有3人受伤。枪手在逃跑时被警方击毙。 田纳西州是美国一个有着军事传统的州，被称为志愿兵的州，与军队有着密切的关系。查塔努加市长表示，这是一个“梦魇”，“不能宽恕”制造这种不幸的行为。由于这次袭击目标涉及军事设施中安全保卫最薄弱的环节，又是发生在伊斯兰斋月的最后一天，事件引起了各方广泛关注。联邦调查局称，目前还不清楚凶手的动机。奥巴马总统表示，将对事件进行彻底调查。 动机尚不明确 据报道，制造这起袭击案的枪手是24岁的阿卜杜拉阿齐兹，出生在科威特，在波斯湾战争爆发后，随家人迁居美国，那时他还很小，后来加入美国籍。他在查塔努加地区长大，高中时是学校摔跤队的成员，后进入田纳西大学学工程专业。他本住在离查塔努加不远的希克森，不久前才搬到查塔努加，并希望在当地找工作。网上简历显示，他最近曾在一家企业当采购人员。 袭击事件发生后，全副武装的执法人员封锁了枪手住地，并进行了搜查。有报道称，警方还从其住地附近带走一名身着穆斯林罩袍的女子，但并没有透露这名女子是否与枪手有关，或者是什么关系。枪手的邻居维尔克森表示，枪手的家庭跟普通人没有什么不同，他的妻子经常与枪手的家人一起散步。另一个邻居丹尼尔表示，他与枪手已是多年的邻居，经常看到枪手和孩子在周边地区玩耍，看起来是一个不错的人。枪手的一位朋友贾维德在听到枪击案消息时感到很惊讶。贾维德称，他是7个月前在大查塔努加伊斯兰社团上偶遇枪手的，他性格很外向，人人都知道他。 目前，枪手作案的动机尚不明确，但有线索显示，他可能与伊斯兰恐怖组织有关联。据报道，在发动袭击前几天，枪手在网上开了一个博客，在仅有的两篇博文中，枪手称生活如同“监狱”，要人们学习伊斯兰的《古兰经》，以获得生活的意义。他称，穆斯林对先知穆罕默德教义的理解，就如同瞎子摸象，虽然能够感觉到大象，却仍不能理解究竟是什么。他说，至少有些穆斯林“对我们理解的伊斯兰存在狭隘的看法”。他在博文中还回顾了伊斯兰的历史，提到穆罕默德时代人们为真主安拉进行圣战。据一个监测武装组织网上贴文的名叫SITE的情报组织称，枪手也提到穆斯林需要鉴赏其他观点。 一些报道还提到，枪手曾在自己高中的学校年报中的一张照片下这样写道:“我的名字引起了国家安全警报。你的呢?”有关记录显示，枪手并没有其他犯罪记录，只有一些驾车违规行为，并在4月因违规被拘留过一次。 或为本土恐怖袭击 这次枪击案的目标及发生的时机引起了对其性质的许多猜测。据有关报道，近一段时间来，“伊斯兰国”武装不断呼吁对美国的军事目标发动袭击。在前一段时间，美国也曾加强安全戒备，以防止恐怖分子在美国独立日和伊斯兰教的斋月期间发动袭击。联邦调查局采取行动，抓捕了10多名制造恐怖袭击的嫌疑人员。7月16日案发当天正是斋月的最后一天，且这距查尔斯顿教堂枪击案也只有一个月差一天的时间。 6月17日，21岁的白人男子鲁夫在查尔斯顿的伊曼纽尔黑人教堂开枪打死9人、打伤3人。当地警方称，当时，鲁夫走进教堂，在圣经学习活动中安静地坐了一个小时，然后站起身说，他必须杀死黑人。报道称，鲁夫曾抱怨，黑人正在接管整个世界，因此必须有人为白种人采取行动。事件引发了广泛的争论。有人认为这是种族仇杀，有的认为是恐怖袭击。 联邦调查局负责调查此案的莱因霍尔德表示，目前还不能肯定枪手是否与恐怖组织有关，“我们会考虑那种可能性，但眼下我们还没有任何证据将他与国际恐怖组织直接联系在一起。”据有关报道，一名执法部门的高级官员表示，“我们会把它作为恐怖袭击案件进行调查。”美国大法官基利安也表示，“我们将这起枪击案视为本土的恐怖主义。” 美国国土安全部部长约翰逊表示，国土安全部正在密切关注这次枪击事件以及联邦调查局的相关调查。但是他也警告说，“对于这起事件有很多未经证实和可能错误的报道”。 军事设施中的软柿子 这是奥巴马政府时期美国军事设施遭到的又一次袭击。据报道，近年来，美国军事设施已遭受多次袭击。2009年，一名军队心理医生哈桑袭击了德克萨斯的胡德堡军事基地，打死了13名士兵。2013年，军方的一名合同工亚历克西斯袭击了华盛顿的海军基地，造成12人死亡。 不过，这次遭受袭击的目标则被认为是军事设施中安全保卫最薄弱的环节，是军事设施中被称为“软柿子”的征兵点和预备役中心。这类军事设施的安全问题一直广受关注。兰德公司研究人员詹金斯表示，这样的袭击虽然令人震惊，但并不奇怪。他说，征兵点成为主要目标，是因为它是军事设施，又到处都有，而且安全防卫也相对薄弱，不像军事基地那样，有武装警卫严密守护。按照规定，这些征兵人员虽然身着军服，但不能携带武器，预备役人员也不配备武器。 前纽约警察侯克则呼吁应给这些征兵人员和预备役人员配备武器。他说，该改变军队里这些“无枪区”的做法了。侯克原是一名海军陆战队员。他表示，给这些预备役人员配备武器有助于他们加强保护自己安全的能力。尽管如此，美国陆军和空军方面则都表示，现行的安全措施是适当的。陆军征兵司令部发言人莱普利表示，这是不太可能的，“我们不能使征兵的地方让人看起来像是堡垒一样”。他同时表示，军方每年都对征兵人员如何应对枪击事件进行培训。袭击事件发生后，查塔努加征兵点隶属的美国第六海军陆战队征兵区关闭了方圆约60公里内的所有征兵点。但陆军等许多征兵点仍照常开门运营。 据报道，征兵点多年来一直是各种袭击的首选目标之一。在越战期间的1973年1月2日，波特兰的一个海军征兵点遭到炸弹袭击；两天后，附近的一个陆军征兵点也受到袭击。1986年，22岁的新纳粹分子皮雷被逮捕，并被指控制造了一系列爆炸事件，其中包括曾欲袭击一个征兵点。两年后，一名日本籍武装人员因策划袭击位于曼哈顿的一个陆军征兵点而被捕，当时，美国对利比亚进行了轰炸。 “9·11”事件以后，征兵点继而成为暴恐分子袭击的目标。2008年3月6日，纽约时代广场的一个征兵点遭到一枚自制炸弹的袭击，迄今凶手仍在逃；2013年6月，联邦调查局和纽约市警察悬赏6.5万美元，并于今年4月增加到11.5万美元。2009年，凶手阿卜杜拉哈基姆在阿肯色袭击了一个征兵点，造成一名士兵死亡，一名受伤。2010年，穆罕默德·侯赛因策划袭击马里兰的一个征兵点而被逮捕。同年，一名叫梅拉库的前海军陆战队退伍士兵，先后袭击了维吉尼亚的海军陆战队征兵点和海岸警备队的征兵点。2011年，拉提夫和瓦力·穆贾希德因策划袭击西雅图的征兵点而被捕。 （原标题： 美征兵点成暴恐袭击目标）"
"中国8早点。article_16"" id=""artibody""> 恐怖分子潜回国被抓获 曾计划炸石家庄商场 深圳都市报讯 据央视报道，近日，警方抓获了一名潜回国内的暴恐分子艾克拜尔，据他交代，他曾在叙利亚接受东伊运恐怖组织暴恐袭击训练返回中国境内，准备对石家庄的一家商场进行恐怖袭击。 2013年年初，艾克拜尔在境外结识了一个化名为艾力的男子。在艾力的安排下，艾克拜尔和同行的人偷渡进入叙利亚国境，开始接受军事训练。今年初艾克拜尔潜回国内准备伺机实施暴恐袭击。艾克拜尔说：“我想在石家庄挣点钱，打听寻找爆炸装置材料，目的是多挣点钱，待在石家庄，我实施爆炸的目标是石家庄的一个商场，计划是到了石家庄后培养其他人，然后安排他们在其他城市实施爆炸。”自以为神不知鬼不觉的艾克拜尔暴恐袭击的计划还没来得及实施，就被警方抓获。 兰州大学爆炸已致31伤 违规操作致天然气爆燃 深圳都市报讯 据澎湃新闻报道，昨天下午，兰州市城关区委宣传部通报，当日7时32分，兰州大学医学校区南校区院内，发生一起气体爆燃事故。经核实，共有31人受轻伤，目前还有28人留院观察。经查爆炸原因系违规操作致天然气爆燃。 据通报，经调查，事故起因是兰州大学后勤处为开通兰州大学医学校区南校区院内消防通道，对院内的兰大附小小二楼实施拆除工作。施工方在实施拆除作业过程中，损坏了已被封堵的人工煤气DN80钢质输气管道，造成天然气泄漏，导致爆燃。兰州大学与甘肃省第九建设集团工程有限公司在未办理任何手续的情况下擅自实施拆除工程，发现气体异味后，在长达17个小时内两单位相关人员又未采取任何措施，最终导致了该起爆燃事故的发生。 幼儿园投毒案再审 警方证据疑似造假 深圳都市报讯 据京华时报报道，13年前，云南省巧家县一幼儿园发生一起重大投毒案件，1名2岁男童身亡，幼儿园17岁的保姆钱仁凤被认定因与幼儿园园长不和而投毒，最终被判处无期徒刑。近日，钱仁凤的律师接到云南省高院的通知，钱仁凤案再审开庭前或将启动非法证据排除程序。此案的众多疑点也就此浮出水面，警方提供的证据疑似造假。 根据近日透露出来的检方复查卷宗显示，检方对钱仁凤案的供述笔录签名和指纹进行了全面鉴定，结果显示，在钱仁凤的认罪供述及辨认笔录中，有5份笔录后的落款签名并非钱仁凤本人所书写。在接受检方复查调查时，钱仁凤称自己遭受了疲劳审讯和刑讯逼供。而作案动机也产生了疑问，在警方的认定中，与幼儿园园长朱梅关系不好、“朱梅吼我”成为钱仁凤下毒的作案动机。但案发后朱梅的证言显示，两人关系非常好，此案还在进一步调查审理中。 （原标题：中国8早点）"
"云南1年半抓获偷渡人员553名 击毙4名暴恐分子。article_16"" id=""artibody""> 新华网昆明7月16日电(记者王研) 云南省公安厅16日通报，2014年以来，云南警方严厉打击组织偷越国(边)境犯罪，至今年6月共破获组织、运送、偷越国(边)境案件132起，抓获组织策划人员35名，“黑车”司机161名，“蛇头”73名，偷渡人员553名，解救被裹挟未成年人217名，击毙暴恐分子4名。 据云南省公安厅副厅长董家禄介绍，2014年以来，云南警方展开凌厉攻势，打掉了一批犯罪团伙，抓获了一批组织者和运送者，查获了一批偷渡人员，摧毁了多个境内外相互勾结的偷渡网络。全省公安机关打击组织偷越国(边)境犯罪取得了阶段性成果，有效遏制了此类案件高发势头，维护了全省社会治安大局平稳，有力策应了全国反恐斗争的深入开展。 云南边境线长达4060公里，与越南、老挝、缅甸三国接壤，被偷渡人员视为偷越国(边)境的“捷径”。云南警方表示，将始终保持对偷越国(边)境犯罪的严打高压态势，希望广大群众主动检举揭发偷渡犯罪行为，对提供相关犯罪线索的，根据相关办法规定最高可获得20万元的奖励。 编辑：SN123"
"成都广场爆炸案犯狱中病亡 美借此指责中国人权。article_16"" id=""artibody""> 爆炸地点在天府广场喷水池东南侧草坪灌木丛中。资料图"
"20名外籍公民涉嫌在内蒙看暴恐视频被遣送出境。article_16"" id=""artibody""> 中新网呼和浩特7月17日电 (董乐) 17日晚间，据鄂尔多斯市外事办消息，南非籍公民HOOSAINISMAILJACOBS等20名外国人，在鄂尔多斯市期间，因组织集体观看含有暴恐内容的音视频、宣传宗教极端思想，被内蒙古鄂尔多斯市警方于7月10日依法传唤。目前，上述20名外国人已被遣送出境。 据了解，7月11日，警方依据《中华人民共和国刑法》第一百二十条“涉嫌组织、领导、参加恐怖组织罪”之规定，对其中9名包括5名南非籍公民，3名英国籍公民，1名印度籍公民，依法予以刑事拘留。鉴于上述人员均承认其违法行为，并有认错表现，依照《中华人民共和国出入境管理法》等相关法律法规，警方决定对其从轻处理，并于7月18日凌晨遣送出境。 另悉，其余11名外国人，依据《中华人民共和国出入境管理法》第六十二条一款(违反本法或者其他法律，行政法规需要遣送出境的外国人，可以遣送出境)的规定，已于7月15日被遣送出境。 在此期间，内蒙古鄂尔多斯警方根据有关规定及时通知了相关国家驻华使馆，相关驻华使馆工作人员先后对涉及本国人员进行了探视。内蒙古鄂尔多斯警方充分尊重外国人的饮食起居习惯，给予合理生活安排，被遣送出境人员对警方文明执法表示满意。(完) (原标题：内蒙古：20名涉嫌违法的外国人已全部遣送出境)"
"国际法专家：攻击“中泰遣返事件”出于政治偏见。article_16"" id=""artibody""> 国际法专家：攻击“中泰遣返事件”出于政治偏见而非法律公正 中新社北京7月17日电 (记者 肖欣 德永健)泰国日前向中国遣返109名非法偷渡人员和组织偷渡团伙成员，对此某些西方舆论和国家组织却借“人权”之名施压。北京国际法专家17日向中新社记者指出，西方舆论对事件的干预违背国际法，其用意在于政治上的攻击和偏见，而不是法律上的公正。 根据中泰官方披露的信息，此次泰国政府遣返的非法偷渡人员很多系使用伪造的土耳其身份，持假护照，向“蛇头”缴纳高达数千美元的偷渡费用，企图借道泰国、越南、柬埔寨等国偷渡至土耳其。泰国总理巴育明确表示，这些人员系“非法入境，必须按照法律处理”。 中国社科院法学研究所研究员、国际刑法专家黄芳指出，依据国际法，主权国家有权自行决定谁可进入其领土内定居和工作等，没有必须接受外国人入境的义务，外国人必须按照该国移民法或入境法的有关规定取得合法进入的资格，否则，该国可以选择包括“非法移民遣返”在内的多种方式，使非法入境的外国人离开其境内。 黄芳强调，由此可见，中国向泰国提出遣返中国非法偷渡人员、泰国实施遣返中国非法偷渡人员是中泰行使国家主权的行为，他国无权干涉指责，这是“国家主权原则”的应有之义。 针对西方舆论要求中泰停止驱逐所谓“难民”的指责，黄芳指出，国际法既确立难民保护原则，还规定了难民身份的排除条件。1951年颁发的《关于难民地位的公约》规定，特定人群不能取得难民身份，包括“破坏和平罪、战争罪或危害人类罪”、“曾在避难国以外犯过严重非政治罪行”、“曾有违反联合国宗旨和原则的行为并经认定为有罪”，因此实施刑事犯罪的人不能获得难民身份。 根据公开信息，此次被泰方遣返的非法偷渡人员承认，他们中不少人受暴恐音视频煽动，企图入境土耳其后再到叙利亚、伊拉克等地参加所谓“圣战”。中国警方初步查明，此批被遣返偷渡者中至少13名是涉恐出逃人员，两人是负案在逃的犯罪嫌疑人。 黄芳表示，涉暴恐活动属于严重刑事犯罪行为，严重威胁国家安全、社会稳定和人民财产安全，根据国际法，涉暴恐活动人员不可能属于“难民”，不适用国际法对难民保护的相关规定。 黄芳同时指出，今年以来，包括泰国在内的东南亚国家向中国遣返多批涉暴恐非法偷渡人员及组织者的行为，也符合相关国际公约规定的针对涉嫌暴恐罪行“进行刑事调查或提起刑事诉讼或引渡程序提供最大限度协助”的原则。 黄芳表示，暴恐犯罪侵犯人类社会的共同利益，打击暴恐犯罪是国际社会的共同责任和义务。为有效打击该类犯罪活动，需进行有效的国际刑事司法合作。“引渡”是国家间进行刑事合作最为常见的方式，已经成为国际刑事司法合作打击犯罪的有效措施。 但由于引渡条约的签订涉及法律、政治、外交等因素，其签订广度有限，加之国家间法律与文化的差异，令引渡不仅存在法律障碍，也存在事实障碍。为进一步加强国际合作，提高境外追逃成效，“对非法移民遣返”就成为更加便捷高效的“引渡替代措施”。 她强调，此次泰国遣返中国非法偷渡人员，实为外逃犯罪嫌疑人发现地国家和追逃国家密切配合，如此才有可能将外逃犯罪嫌疑人追回国内，并使之接受法律制裁，而西方舆论对此事件的干预显然违背国际法，将司法合作政治化，纵容其政治偏见凌驾于法律公正之上。(完) （原标题：国际法专家：攻击“中泰遣返事件”出于政治偏见）"
"击毙3名暴恐分子引“世维会”妄议。article_16"" id=""artibody""> 沈阳市警方13日下午在拘捕新疆籍涉恐嫌疑人时，对蒙面持刀拒捕的4名暴徒采取果断行动，击毙3人，击伤1人。沈阳警方于当日向社会公布了相关消息，之后总部设在德国的“世维会”很快通过西方媒体发声，妄称沈阳警方在3名儿童面前射杀维吾尔人，“这一野蛮行为应被国际社会阻止”。“东突信息中心”也于13日编造谬说，宣称击毙3名暴徒是对维吾尔人的“种族镇压和屠杀”，该组织号召暴恐分子们“要在精神领域战胜中国侵略者”。 沈阳警方这一次主动出击，成功抓捕16名涉恐犯罪嫌疑人，击毙拒捕暴徒，保护了沈阳市民的安全，受到公众广泛好评。世维会等境外“东突”组织迅速发布相关信息和评论，对事件做出截然相反的解释，好像它们很了解事情的“内幕”一样。这当中只有两种可能，一是世维会等与在沈阳的涉恐犯罪嫌疑人有直接联系，它们是外部操纵那些人的黑手。二是它们没有关于这件事的任何信息，完全在胡说八道，混淆视听。 看来后一种可能性更大些。境外“东突”组织每一次对中国境内的涉疆暴恐事件反应都很迅速，但基本上是一个腔调，那就是指责中国政府在搞“种族清洗”，“射杀无辜的维吾尔族平民”。它们的声明就像是一个模子刻出来的。 然而西方掌握的媒体机构并不因此感到厌烦，造谣成性的世维会几乎成了它们遇事必引的“信息源”，而且它们通过对信息的编辑、排列，制造出世维会等说法听上去“更加可信”的语境。这些西方媒体摆出一副“客观”的姿态，实则无时不在对公众进行反华的舆论引导。 就本案来说，那4名被毙伤的暴徒怎么可能是“无辜平民”？他们挥舞砍刀拒捕，难道这是守法公民应有的行为吗？如果他们没有上述亡命之徒的表现，又怎么可能受到当场被击毙的处置？这些都是常识，是从这起事件中无法摘除的元素。 世维会等“东突”组织长期以来肆无忌惮地编造假消息、假说法，愚弄西方舆论。我们很难理解，一些西方媒体机构把它们的声音当正经信息传播，究竟是那些西方机构太蠢了，还是它们在装天真，故意接受世维会等的蒙骗呢？ 西方从来不说它们支持新疆的暴恐势力，但是它们通过借“东突”组织之口质疑中国警方“滥杀无辜”，通过呼吁中国政府要在新疆“尊重人权”，清晰地表达了自己偏袒、同情暴恐分子的立场。西方的这一态度是暴恐分子的精神支柱之一，后者因此而认为暴力恐怖主义是“正义的”，也进一步认为极端宗教人士哄骗他们“杀汉人可以上天堂”的说法是可信的。 西方一些舆论力量因此成为新疆暴力恐怖主义的推波助澜者和实际上的帮凶，中国人民已经将此看得十分清楚。没有什么能够比暴恐问题更能让中国人了解西方对华的深层态度了。我们能够反制西方势力的手段还不多，但我们决不会屈从于它们的压力，对此世界可以不存疑议。 有道是“东北人不好惹”，暴恐势力这一次算是见识了。其实反恐的工作动员起来之后，全国各地的警方和民众都不好惹，暴恐分子的嚣张早该结束了。他们若敢继续作恶，结局必将是灭亡。"
"武警新疆总队战士负伤倒地仍击毙暴恐分子。article_16"" id=""artibody""> 新华网乌鲁木齐7月19日电（王国银 张东波）武警部队授予李波“反恐勇士”荣誉称号命名大会19日上午在乌鲁木齐举行，中共中央政治局委员、新疆维吾尔自治区党委书记张春贤出席大会并讲话。 李波是武警新疆总队七支队一大队二中队下士，在今年初一次维稳行动中，面对穷凶极恶的暴恐分子，他置个人生死于不顾，在血流不止倒地的情况下仍英勇战斗，果断将暴恐分子击毙。入伍两年来，李波先后30余次圆满完成反恐维稳、长途押解等急难险重任务，抓获制服犯罪分子50余人，4次被评为“优秀士兵”“训练标兵”和“执勤能手”。 武警部队政治委员孙思敬向李波颁授了“反恐勇士”荣誉称号证书和勋章。 编辑：SN123"
"专家:疆独分子在土耳其长期经营成立近20个组织。article_16"" id=""artibody""> 土耳其对新疆缺乏常识认知 罗新芹 近期土耳其20多个省、市相继爆发反华示威游行，并发生极右翼分子群殴中国游客和打砸中餐馆事件。笔者是学土耳其语的，我在土耳其各主流媒体上发现里面充斥着“中国压迫新疆维吾尔族”、“中国屠杀新疆穆斯林”等各种耸人听闻的报道。在土耳其媒体和踞土“疆独”分子的长期误导下，许多土耳其民众只知道“东突厥斯坦”而不知道“新疆”，并认为“突厥兄弟”受到了中国政府的迫害。只有帮助土耳其建立对中国新疆的常识性认知，中土关系才能平稳健康发展。 由于历史、文化、宗教等方面的原因，土耳其多年来一直热衷于关心“东突”问题，这源自土耳其集体记忆中虚幻的“泛突厥主义”情结。建国之初，土耳其国父凯末尔曾下令建立“突厥学研究院”，并亲自设计院徽：天山脚下，一条张开血盆大口的灰狼，手持一把火炬。许多土耳其人想当然地认为，在天山脚下的“东突厥斯坦”，生活着与自己同宗同族、血脉相连却饱受压迫的“突厥兄弟”。在这种虚妄的非理性情绪支配下，土耳其不少媒体编造各种诋毁中国民族宗教政策、歪曲涉疆暴恐案件的报道。 此外，大量“疆独”分子在土耳其长期经营、颠倒黑白、歪曲渲染，也是造成土耳其对华认知偏差的重要因素。据报道，目前共有大约30万维吾尔人定居在土耳其，其中有不少新老“东突”分子。早期的老牌“东突”分子通过参加国际会议、开展“突厥学”研究等方式，在土耳其的政治、学术、文化和军队等领域获得了不小的影响力。“东突”在土耳其成立了近20个分裂组织，如东突教育与互助协会、东突厥斯坦文化协会、东突厥斯坦青年联盟等。一些组织有自己的基金会和出版物，他们经常打着维护人权、宗教自由和少数民族利益的旗号，举办国际会议和游行示威，并通过一些右翼组织、人权团体及政党、议会等途径，对土耳其朝野施加影响，牵制政府决策。 在对中国新疆政策的错误认知下，土耳其时时做出损害中土关系健康发展的事情。已有土耳其有识之士认识到，中国的和平崛起、尤其是“一带一路”对土耳其来说是重要历史机遇，土耳其应重视发展同中国的战略伙伴关系。中土关系健康发展，需消除“东突”问题这一最大障碍。这首先取决于土耳其对中国、尤其是对新疆能否有一个客观、理性的认知。为此，中土应重点加强两国间的媒体交流，增强两国民众间的相互理解。从中国方面来说，应加大力度向土耳其各界介绍新疆近年来发展成就、中国在新疆的民族宗教政策，让土耳其民众了解真实的新疆和新疆穆斯林的真实生活，逐步化解敌视和误解。▲(作者是中国军事科学院助理研究员) (原标题：专家：疆独分子在土长期经营 成立近20个组织) 编辑：SN054"
"城步“三个突出”强化反恐维稳工作。article_16"" id=""artibody""> 红网城步站7月13日讯（通讯员 张艳君）7月12日，从城步苗族自治县公安局获悉，该局始终将反恐维稳摆在公安工作中的突出位置，搜集各类情报信息，严打各类涉恐犯罪，强化反恐应急演练，为全县的社会治安和政治稳定作出了积极贡献。 突出情报信息搜集。利用各种渠道，深入社会搜集各类情报信息，建立情报信息考评机制，在内部营造良好的信息搜集氛围。同时，有效整合社会资源，将社区民警、单位保安、客运司机、情报信息员、城管执法人员、网格员纳入情报信息系统，定期开展信息研判分析，掌握社情动态。 突出严打专项整治。坚持“抓早打小，先发制敌”的原则，加强网络导控，及时发现利用网络聊天工具、网站传播暴恐音视频，对扬言报复社会的、肇事肇祸精神病人、涉恐人员等高危群体进行严格管控，将安全隐患查控到位，并且有针对性的开展严打斗争专项行动，以打促防、以打促安。今年以来，共筛查出各类网络有害信息50余条，有效净化了网络环境。 突出反恐实战演练。在党政机关、学校医院、商场广场、车站公交等重点单位、重点部位适时开展反恐应急演练，整合各警种单位力量，提升联合作战能力，提升实战化水平，建立反恐演练常态化机制，以练促训、以练促战，不断提高反恐应急处突能力。 （原标题：城步“三个突出”强化反恐维稳工作）"
"沈阳警方击毙三名持刀拒捕恐怖分子。article_16"" id=""artibody""> 视频加载中，请稍候..."
"沈阳警方击毙三名持刀拒捕暴恐分子。article_16"" id=""artibody""> 图片来源网络"
"沈阳警方击毙3名暴恐分子。article_16"" id=""artibody""> 沈阳市公安局13日发布消息：沈阳警方13日在抓捕涉恐犯罪嫌疑人过程中，4名暴恐分子暴力拒捕，为防止造成严重社会危害，在警告无效的情况下，警方依法果断开枪，击毙3人、击伤1人，现场无群众伤亡。 目前，案件正在进一步调查中。据新华社 （原标题：沈阳警方击毙3名暴恐分子）"
"沈阳警方击毙三名暴恐分子。article_16"" id=""artibody""> 沈阳市公安局13日发布消息：沈阳警方13日在抓捕涉恐犯罪嫌疑人过程中，4名暴恐分子暴力拒捕，为防止造成严重社会危害，在警告无效的情况下，警方依法果断开枪，击毙3人，击伤1人，现场无群众伤亡。 截至本报发稿前，案件正在进一步调查中。 据新华社 （原标题：沈阳警方击毙三名暴恐分子）"
"沈阳警方击毙3名持刀拒捕暴恐分子。article_16"" id=""artibody""> 视频加载中，请稍候..."
"官方通报“沈阳砍杀事件”击毙3名新疆暴恐分子。article_16"" id=""artibody""> 官方通报“沈阳砍杀事件” 击毙3名新疆暴恐分子 据辽宁省政府官方消息，7月13日，沈阳警方抓捕暴恐分子，4名暴恐分子持刀拒捕，警方击毙3人，击伤1人。抓捕行动未发生枪战，暴恐分子并未劫持人质。 沈阳市公安局随后发布事件详细经过：“7月13日14时30分许，我局在副市长、局长许文有的现场直接指挥下，组织有力，快速反应，依法果断将藏匿在沈河区东顺城内街86号10-7-3出租房内，蒙面持刀拒捕的4名(3男1女)新疆籍恐怖分子击毙3人击伤1人，并抓获一名新疆籍妇女阿曼古丽·买提吐送(女，28岁，维吾尔族，户籍地为新疆和田地区洛浦县人)和三名随行儿童，处置过程未造成人员伤亡和社会影响。 7月13日上午，我局自侦的""6·12""伊吉拉特涉恐专案实施统一收网行动，相继在沈河区成功抓捕16名涉恐犯罪嫌疑人。当日13时许，在进一步摸排工作中，沈河分局皇城派出所民警在管内东顺城内街86号10-7-3出租房内，发现 新疆籍涉恐嫌疑人。民警在欲入户审查过程中，4名恐怖分子戴头套、持长刀，呼喊""圣战""口号砍杀民警。民警果断将该住户房门封堵，并第一时间向市局报告。副市长、局长许文有对这一突发情况高度重视、亲临现场指挥处置工作，迅速调集特警，反恐部门和属地公安机关200余名武装处突力量增援处置。 为果断抓捕制止恐怖分子，防止造成严重社会危害，我局迅速调集消防云梯车到场，并在该居民楼对面架设狙击点位，疏散住户和周边群众，形成突击包围圈。同时，派遣2名经验丰富特警队员组成突击队，乘云梯车升至7楼，由该楼住户西侧窗户进入室内。此时，堵在南侧房门的4名蒙面恐怖分子中的2人持砍刀、2人持钝器向特警冲击砍打，现场突击特警在警告无效、万分紧急的情况下，近距离依法果断开枪将4名恐怖分子击倒，经查验3名男性被当场击毙，1名被击伤女性已被送医院抢救中。 目前，案件调查和身份核实工作正在紧张进行中。 据央视 （原标题：官方通报“沈阳砍杀事件”击毙3名新疆暴恐分子）"
"济南一公交女司机智斗劫车嫌犯。article_16"" id=""artibody""> 本报记者 邢婷 实习生 胡静《中国青年报》（2015年07月14日01版） 一切都来不及准备！当公交车女司机董丹发现劫车的犯罪嫌疑人已将30厘米长的刀抵至自己腰间时，她清醒地意识到，这不再是平日模拟的暴恐场景——危险真真切切地降临了。 这是7月12日下午17时18分发生在济南市K52路公交车上的一幕。在随后的20分钟内，33岁的董丹沉着应对，与犯罪嫌疑人巧妙周旋，不仅将全车20余名乘客安全疏散，而且配合民警将犯罪嫌疑人最终制服。 案发前，董丹像往常一样驾驶着K52路车行驶在晚高峰的车流中。这条线路从济南市中心蜿蜒向南，途经市区多处旅游景点和人员密集处，乘客较多，是市区内的一条主要线路。 “他是中心医院站最后一个上车的乘客。”董丹回忆，这个身材矮胖的男性上车后径直向自己走来，董丹没有多想，以为是问路，习惯性地对他说了句“你好”。让人始料未及的是，这名男子竟将右手的尖刀抵在董丹腰间，左手掐住她的脖子，威胁说：“往前开，别停！” 董丹第一反应是遇到劫车歹徒了。她尽快让自己冷静下来，开始回想日常安全培训中应对突发事件的种种举措和要点。董丹迅速打开双闪，按下一键报警装置，假意顺从，将车继续往前开。“您坐稳，一会儿车拐弯，您别激动，沉住气。”董丹镇定地轻声提醒。 据视频显示，大概在犯罪嫌疑人上车1分钟后，车内乘客隐约觉察到了不对劲。一名身着短裤的中年男性上前查看，被犯罪嫌疑人用刀逼至车厢后部。 “我要去泉城广场。”上车两分钟后，犯罪嫌疑人说出目的地。这让董丹担心不已，作为济南的地标性建筑，泉城广场常年游客众多，如果将犯罪嫌疑人带至那里，后果可能不堪设想。而此刻，稳定车内20余名乘客的情绪成为当务之急。 4分钟后，经过和犯罪嫌疑人沟通，董丹将车停在路边，起身安抚车内乘客：“这位老师是去泉城广场，我们中间就不停车了，没事。”车内乘客读懂了董丹的暗示，配合地说：“没事没事。”公交车继续前行。 6分钟后，在董丹反复和犯罪嫌疑人沟通数次后，犯罪嫌疑人答应让乘客全部下车。正是这些下车的乘客将车内信息及时通报给相隔5分钟的另一辆K52路车，该车司机张宇得以迅速追赶救援。 最初挺身而出的中年男性以有事为由留在了车上。“他完全可以下车，但他主动选择了危险境地，正是他的这种行为给了我足够的底气，让我冷静面对。”董丹回忆。 为拖延时间，董丹故意避开公交车专线，选择走普通行车道，在拥挤的车流中放慢速度，赢得宝贵的救援时间。同时，董丹和中年乘客轮番与犯罪嫌疑人周旋。“我知道你肯定碰上不痛快的事情了，我们都是普通老百姓，要不咱们说说话？”“朋友，没有什么大不了的，有什么事情你跟我说行吗？”中年乘客同样不停地劝阻。 几次三番，犯罪嫌疑人一度放松警惕，走到中年乘客旁主动攀谈起来。然而，每次走到车厢中部，不到半分钟，情绪激动的犯罪嫌疑人就会重回原处，用刀抵住董丹，并逼迫中年乘客坐下。 17分钟后，离泉城广场仅有两站地，董丹趁机将车停稳，此时，警察迅速将公交车包围。看到警察，嫌犯情绪更为激动，董丹感到嫌犯掐自己脖子的手“特别用劲”。 中年乘客试图制服嫌犯未果，被逼入前门角落处。混乱中，董丹举起身旁的灭火器，却未能拔掉保险销。犯罪嫌疑人狠狠按住灭火器，大声叫嚷着让董丹从座位出来，意欲劫为人质。 此时，董丹恰好将车门打开，同事张宇站在门前说服犯罪嫌疑人，提出用自己交换董丹。犯罪嫌疑人的注意力稍被分散，董丹迅速拔掉保险销，用灭火器直接对准其面部喷射，犯罪嫌疑人最终被警方制服。 “紧急关头，董丹稳住歹徒情绪，保护了乘客利益，非常科学、巧妙地处理了突发事件。”济南市公共交通总公司党委书记薛兴海说，他同时表示，公司将对董丹和张宇见义勇为的行为给予重奖。下一步，公司将采取增设安全员等更多有效措施保障驾驶员和乘客安全。 7月13日下午，协助董丹一起智斗犯罪嫌疑人的中年乘客被找到，他是济南公安公共交通分局的民警李风军。当时着便装的李风军正和妻子一同坐车。疏散时，他让妻子先下，自己留下来与犯罪嫌疑人周旋。“这是我应该干的，不穿警服，我也得冲上去。”李凤军说。 董丹做完笔录、查体，深夜才回到家中。8岁的女儿从大人们频繁打来的电话中仿佛读出些什么，红着眼睛，执意等着妈妈回家。见到女儿的那一刻，董丹终于抑制不住泪水：“那一刻觉得，能够平安回家真好。” 这位在同事眼中“内向老实”的女司机赢得了整座城市的尊重。微博上，市民们纷纷用“巾帼英雄”、“榜样力量”等字眼儿为其点赞。 经济南公安部门初步审查，犯罪嫌疑人刘某某，男，39岁，汉族，济南市人，系某小区物业管理人员。因长期购买彩票欠债，无力偿还，情绪失控，遂产生劫持公交车念头。目前，此案正在进一步审理中。 本报济南7月13日电 （原标题：济南一公交女司机智斗劫车嫌犯）"
"国内时讯。article_16"" id=""artibody""> 沈阳击毙3名暴恐分子 沈阳市公安局13日发布消息：沈阳警方13日在抓捕涉恐犯罪嫌疑人过程中，4名暴恐分子暴力拒捕，为防止造成严重社会危害，在警告无效的情况下，警方依法果断开枪，击毙3人、击伤1人，现场无群众伤亡。目前，案件正在进一步调查中。据新华社 28岁亿万富豪偷渡 受重伤或终身瘫痪 6月24日，随着潜逃21天的偷渡运送者尹某主动投案自首，广东珠海边防支队横跨4省追捕侦办的偷渡团伙案成功告破。此案中，坐拥上亿资产、年仅28岁的湖南男子张某在“人蛇”集团亡命逃窜中头部受重伤昏迷21天，当他苏醒时才发现，或许他的余生都将与冰冷的“轮椅”相伴。其家人表示，由于张某经常赌博最终染上赌瘾，此前因在澳门通行证逾期未归，被当地警方列入黑名单，故其铤而走险交了5000元偷渡费回珠海。目前珠澳偷渡团伙对每名偷渡客的收费均在3500至25000元不等，然而这部分高额非法所得却几乎全被“金字塔”尖的幕后老板获取。 据信息时报 ●四川音乐学院党委书记涉受贿被立案 四川省人民检察院7月13日对外公布，6月29日，经四川省人民检察院指定管辖，成都市人民检察院依法决定对四川音乐学院党委书记柴永柏（正厅级）涉嫌受贿罪立案侦查。目前该案正在进一步侦查中。 ●环保部公布6月空气质量最差十城 环保部13日发布6月份全国重点区域和74个城市空气质量状况报告，唐山、郑州、济南、邢台、保定、邯郸、衡水、太原、石家庄和廊坊，作为6月空气质量相对较差的后10位城市登上“榜单”。同期，按照城市环境空气质量综合指数评价，空气质量相对较好的10个城市依次是珠海、海口、中山、江门、深圳、惠州、东莞、昆明、厦门和南宁。 ●济南一男子买彩票欠债劫持公交车 12日下午，济南市发生一起劫持公交车事件，一名因长期购买彩票无力偿还欠债的男子持匕首欲劫持一辆K52路公交车，公交车女驾驶员与歹徒斗智斗勇疏散乘客，并迅速向警方报警，最终与赶来的民警一起将歹徒抓获。车上乘客无人受伤。目前此案正在进一步审查中。 ●4男子持仿真手枪抢劫金店 9日，4男子持仿真手枪，劫走湖北省恩施市一家黄金珠宝店价值约20万元的黄金饰品以及4000余元营业款。记者从恩施市公安部门获悉，警方快速侦破，4名嫌疑人全部落网，被抢黄金全部追回。 据新华社 （原标题：国内时讯）"
"沈阳警方击毙三名 持刀拒捕恐怖分子。article_16"" id=""artibody""> 沈阳警方击毙三名 持刀拒捕恐怖分子 7月13日沈阳警方抓捕暴恐分子，4名涉恐犯罪嫌疑人持刀拒捕。警方击毙3人，击伤1人。 7月13日14时30分许，在沈阳副市长、公安局局长许文有的现场直接指挥下，组织有力、快速反应，依法果断将藏匿在沈河区东顺城内街86号10-7-3出租房内蒙面持刀拒捕的4名(3男1女)新疆籍恐怖分子击毙3人、击伤1人，处置过程未造成人员伤亡和社会影响。 目前，案件调查和身份核实工作正在紧张进行中。■据央视 （原标题：沈阳警方击毙三名 持刀拒捕恐怖分子）"
"沈阳警方击毙 3名暴恐分子。article_16"" id=""artibody""> 据新华社电 沈阳市公安局13日发布消息：沈阳警方13日在抓捕涉恐犯罪嫌疑人过程中，4名暴恐分子暴力拒捕，为防止造成严重社会危害，在警告无效的情况下，警方依法果断开枪，击毙3人、击伤1人，现场无群众伤亡。目前，案件正在进一步调查中。 男童被锁车内1小时 妈妈拒砸宝马车玻璃 深圳都市报讯 据杭州网报道，昨天上午，一名网友在论坛上爆料，说11日在浙江省义乌市有个开宝马的女人把儿子不小心锁在车里了，而她拒绝砸开车窗玻璃，让孩子在车里哭了1小时。 昨天下午，记者从义乌市消防支队核实到，他们当日确实接到一个孩子被困车内的报警，赶到时，宝马车主驾驶座上坐着一个两三岁的男孩，双手一边扒玻璃，一边哭。让人想不到的是，孩子妈说再等等，再等等开锁师傅，可过了四五分钟，车门还是没有开开，消防队员又和孩子妈妈商量得砸玻璃，否则孩子太危险了，可孩子妈妈还是不同意。最后是一个男的砸的玻璃，孩子最终被救出来。 河北省烟花爆炸事故 15人死亡25人受伤 据新华社电 记者从河北省宁晋县抢险救灾指挥部了解到，前天9时许发生在宁晋县东汪镇一村的烟花爆竹非法窝点爆炸事故，现场已基本清理完毕，目前事故共造成15人死亡，2人重伤，23人轻伤。 （原标题：沈阳警方击毙 3名暴恐分子）"
"击毙3名新疆暴恐分子。article_16"" id=""artibody""> 据辽宁省政府官方消息，7月13日，沈阳警方抓捕暴恐分子，4名暴恐分子持刀拒捕，警方击毙3人，击伤1人。针对网上的一些传言，官方表示抓捕行动未发生枪战，暴恐分子并未劫持人质。 沈阳市公安局随后发布事件详细经过： 7月13日14时30分许，我局在副市长、局长许文有的现场直接指挥下，组织有力，快速反应，依法果断将藏匿在沈河区东顺城内街86号10-7-3出租房内，蒙面持刀拒捕的4名(3男1女)新疆籍恐怖分子击毙3人击伤1人，并抓获一名新疆籍妇女阿曼古丽·买提吐送(女，28岁，维吾尔族，户籍地为新疆和田地区洛浦县人)和三名随行儿童，处置过程未造成人员伤亡和社会影响。 7月13日上午，我局自侦的“6·12”伊吉拉特涉恐专案实施统一收网行动，相继在沈河区成功抓捕16名涉恐犯罪嫌疑人。当日13时许，在进一步摸排工作中，沈河分局皇城派出所民警在管内东顺城内街86号10-7-3出租房内，发现 新疆籍涉恐嫌疑人。民警在欲入户审查过程中，4名恐怖分子戴头套、持长刀，呼喊“圣战”口号砍杀民警。民警果断将该住户房门封堵，并第一时间向市局报告。副市长、局长许文有对这一突发情况高度重视、亲临现场指挥处置工作，迅速调集特警、反恐部门和属地公安机关200余名武装处突力量增援处置。 为果断抓捕制止恐怖分子，防止造成严重社会危害，我局迅速调集消防云梯车到场，并在该居民楼对面架设狙击点位，疏散住户和周边群众，形成突击包围圈。同时，派遣2名经验丰富特警队员组成突击队，乘云梯车升至7楼，由该楼住户西侧窗户进入室内。此时，堵在南侧房门的4名蒙面恐怖分子中的2人持砍刀、2人持钝器向特警冲击砍打，现场突击特警在警告无效、万分紧急的情况下，近距离依法果断开枪将4名恐怖分子击倒，经查验3名男性被当场击毙，1名被击伤女性已被送医院抢救中。 目前，案件调查和身份核实工作正在紧张进行中。 据辽宁省政府官网 （原标题：击毙3名新疆暴恐分子）"
"id=""artibodyTitle"" pid=""1"" tid=""1"" did=""32081120"" fid=""1666"">2人造谣“吉林长春发生暴恐案”被刑拘。article_16"" id=""artibody""> 新文化讯 (记者 王跃) 近日，新浪微博、微信及百度贴吧上频频出现“长春市出现暴恐袭击案件”的内容，在一定程度上造成长春治安恐慌。7月5日，长春市公安局新浪官方微博“长春公安”发布微博辟谣，长春并未发生涉暴恐案件，同时，两名编造传播网络谣言的犯罪嫌疑人被刑拘，5名散布网络谣言的网民被依法严肃处理。 近期，在微信朋友圈、微博、百度贴吧等社交平台上，突然出现一组类似涉恐防暴案件的场景，7月4日，有网友发布的“东大桥又来一车队特警，网传长春发生‘暴恐袭击’是这样的”等内容在微信朋友圈和百度长春吧等网络途径广为传播，很多网友不加求证即进行转发，造成一定治安恐慌。 7月5日中午，“长春公安”官方发布两条微博进行辟谣—— 针对近期网络和微信群出现的涉暴恐假信息，市有关部门向公安机关进行了了解，公安局证实，近一个时期以来，长春市未发生涉暴恐案事件，全市治安平稳。网络和微信群出现的所谓视频，均系嫁接外地防暴恐演习画面。长春警方提示：市民要不造谣、不传谣、不信谣，对制造、散布网络谣言者，公安机关正在全面调查，一经查实将依法严肃处理。 7月4日11时至24时，网民“长春微播报”和“COMBAT2000一然”在个人新浪微博、网民“火麒麟@100%”和“2182446540”在手机微信群、网民“Aimer褀褀”在百度长春吧散布传播网络谣言，造成了负面影响。长春警方巡查发现后，迅速组织专人开展工作，第一时间查明5名网民真实身份，并依据《中华人民共和国治安管理处罚法》和国家《计算机信息网络国际联网安全保护管理办法》对5名散布网络谣言的网民已经依法严肃处理。 当天21时45分，“长春公安”再发微博—— 7月5日，2名在手机微信群编造故意传播网络谣言的犯罪嫌疑人被依法刑事拘留。 刘××、单××于7月4日在手机微信群中编造谣言：“陕西路已经发生×××暴动了！砍死一个老人和一名警察，警方击毙了一名××恐怖分子，再次真心提醒各位朋友，事件是真实的不要有任何怀疑，切忌一定不要去人多的地方看热闹，不要耍单，不要带孩子去人多的地方，为了我们家人的平安，有两人外逃，持有枪支，大家见××人离远点。” 而事实是，近一个时期以来，长春市从未发生涉暴恐案事件。该信息纯系虚假恐怖信息，严重扰乱社会秩序。目前该2人对违法犯罪事实供认不讳。 公安机关对编造故意传播网络谣言者态度坚决，绝不姑息，依法严惩。并再次提示：全市市民要不信谣、不传谣、不造谣，遵守法律法规，共同维护我们长春市的美好家园。"
"id=""artibodyTitle"" pid=""1"" tid=""1"" did=""32032486"" fid=""1666"">阿富汗士兵连毙六名暴恐分子被政府奖房送车。article_16"" id=""artibody""> ■上周二,也就是恐袭议会事件后次日,阿富汗街头就出现了拉格曼尼的海报。 图片来自《洛杉矶时报》网站"
"id=""artibodyTitle"" pid=""1"" tid=""1"" did=""31880977"" fid=""1666"">新疆农民协助围捕暴恐分子 一名协警牺牲。article_16"" id=""artibody""> 自去年5月严打专项行动开展以来，新疆公安机关率先行动，打团伙、挖幕后、捣窝点，形成严打高压攻势，截至今年4月30日，共打掉暴力恐怖团伙181个，96.2%的暴恐犯罪团伙被摧毁在预谋阶段。 2015年年初，天山南麓一出山区内进行了一场警民联合搜山行动。此前，根据群众举报提供的线索，三名暴恐分子作案后极有可能逃至山中。根据这个信息，周边四个乡镇的上万名农民自发骑马或徒步向大山深处挺近搜捕暴恐分子。很快，搜山的群众发现了几处可疑的迹象。 一名暴恐分子由于无法忍受饥饿和寒冷，从山里偷偷逃了出来。当她刚到山脚下的一处村庄，就被警惕的村民发现。 一名协警在处置这起暴恐案件中牺牲，他的父亲在悲痛中义无反顾地支持另一个儿子从警。 央视 （原标题：新疆农民协助围捕暴恐分子 一名协警牺牲）"
"id=""artibodyTitle"" pid=""1"" tid=""1"" did=""31642821"" fid=""1666"">“3·01”昆明火车站 严重暴恐案3人伏法。article_16"" id=""artibody""> “3·01”昆明火车站 严重暴恐案3人伏法 记者从云南省昆明市中级人民法院获悉，经最高人民法院核准，24日，昆明市中级人民法院依法对“3·01”昆明火车站严重暴恐案中犯有组织、领导恐怖组织罪、故意杀人罪的被告人依斯坎达尔·艾海提、吐尔洪·托合尼亚孜、玉山·买买提3名罪犯执行死刑。■据新华社 （原标题：“3·01”昆明火车站 严重暴恐案3人伏法）"
"id=""artibodyTitle"" pid=""1"" tid=""1"" did=""31643608"" fid=""1666"">昆明火车站暴恐案3罪犯被执行死刑。article_16"" id=""artibody""> 记者从云南省昆明市中级人民法院获悉，经最高人民法院核准，24日，昆明市中级人民法院依法对“3·01”昆明火车站严重暴恐案中犯有组织、领导恐怖组织罪、故意杀人罪的被告人依斯坎达尔·艾海提、吐尔洪·托合尼亚孜、玉山·买买提3名罪犯执行死刑。"
"id=""artibodyTitle"" pid=""1"" tid=""1"" did=""31644130"" fid=""1666"">3名罪犯。article_16"" id=""artibody""> “3·01”昆明火车站严重暴恐案 3名罪犯 被执行死刑 据新华社电 记者从云南省昆明市中级人民法院获悉，经最高人民法院核准，24日，昆明市中级人民法院依法对“3·01”昆明火车站严重暴恐案中犯有组织、领导恐怖组织罪、故意杀人罪的被告人依斯坎达尔·艾海提、吐尔洪·托合尼亚孜、玉山·买买提3名罪犯执行死刑。 （原标题：3名罪犯）"
"id=""artibodyTitle"" pid=""1"" tid=""1"" did=""31648032"" fid=""1666"">云南普洱酒店被曝发现5枚手榴弹和上百发子弹。article_16"" id=""artibody""> 视频加载中，请稍候..."
"id=""artibodyTitle"" pid=""1"" tid=""1"" did=""31639321"" fid=""1666"">昆明火车站暴恐案3名罪犯被执行死刑。article_16"" id=""artibody""> 视频加载中，请稍候..."
"id=""artibodyTitle"" pid=""1"" tid=""1"" did=""31640311"" fid=""1666"">外媒关注中国对昆明火车站袭击案三罪犯执行死刑。article_16"" id=""artibody""> 点击图片进入下一页 资料图：2014年10月31日，云南省高级人民法院二审公开开庭审理昆明火车站“3 01”严重暴力恐怖犯罪案件，并当庭裁定，驳回玉山 买买提的上诉，维持一审对依斯坎达尔 艾海提、吐尔洪 托合尼亚孜、玉山 买买提的死刑判决以及判处帕提古丽 托合提无期徒刑的判决。新华社发（刘学斌摄） 参考消息网3月24日报道外媒说，云南省昆明市中级人民法院3月24日发布消息，称已经对昆明火车站袭击案三名组织策划者执行死刑。 据英国广播公司网站3月24日报道，昆明中院当日在官方微博帐户上发布简短消息：“经最高人民法院核准，2015年3月24日，云南省昆明市中级人民法院依法对‘3 01’昆明火车站严重暴恐案中犯有组织、领导恐怖组织罪、故意杀人罪的被告人依斯坎达尔 艾海提、吐尔洪 托合尼亚孜、玉山 买买提3名罪犯依法执行了死刑。” 报道称，公告没有提及具体执行时间、地点以及行刑方式。 据此前报道，被处决的三人在昆明火车站袭击案发生之前已经被当地警方抓获，没有出现在袭击案现场。 英国广播公司援引中国媒体的报道称，2014年2月27日，三名被告涉嫌偷越国境，在云南沙甸被民警抓获。 之后的3月1日晚上约9点12分，另外5人——阿卜杜热伊木 库尔班、艾合买提 阿比提、帕提古丽 托合提、阿尔米亚 吐尔逊和盲沙尔 沙塔尔——持刀进入昆明火车站，在临时候车区、站前广场、售票大厅等多处地点砍杀无辜群众，造成31人死亡，141人受伤。 当地警方当晚在袭击现场击毙其中四人，帕提古丽 托合提则被逮捕。 报道说，昆明市中级人民法院于2014年9月12日以组织、领导恐怖组织罪、故意杀人罪判处艾海提、托合尼亚孜、买买提三人死刑，以参加恐怖组织罪、故意杀人罪判托合提无期徒刑，同时剥夺四人政治权利终身。 报道称，在昆明火车站实施袭击的5人与之前被抓获的艾海提等人有预谋策划袭击，后在联系不到艾海提等三人之后商定按原计划行动。 【延伸阅读】境外媒体：中国拟制定反恐法 应对国内外威胁 参考消息网2月27日报道境外媒体称，在巴黎和哥本哈根发生一连串极端主义暴力袭击之后，中国再次审议了该国第一部反恐法草案，以应对国内民众日益担心恐怖主义的局面，并帮助维护全球安全。 据印度Zee新闻网站2月25援引新华社报道称，反恐法草案是中国应对国内恐怖主义和帮助维护全球安全的最新努力。草案还对严防针对航空器或利用飞行活动实施的恐怖活动作出了相应规定。 报道说，目前中国尚无反恐法，尽管相关规定分散在多个全国人大常委会决定，以及刑法、刑事诉讼法、突发事件应对法之中。 全国人大法律委员会副主任委员苏泽林表示，随着世界反恐怖主义斗争形势的发展，中国面临“新的情况”。 苏泽林说，反恐法草案完善了恐怖主义的定义，一旦获得通过，将促进中国反恐工作。 草案将恐怖主义定义为：“本法所称恐怖主义，是指通过暴力、破坏、恐吓等手段，制造社会恐慌、危害公共安全或者胁迫国家机关、国际组织的主张和行为。” 草案还提议完善中国航空管理，以防范潜在袭击。草案指出，飞行管制、民用航空、公安等主管部门应当按照职责分工，加强空域、航空器和飞行活动管理，严密防范针对航空器或者利用飞行活动实施的恐怖活动。 报道说，中国面临严峻的安全形势，尤其是在西北的新疆。东突厥斯坦伊斯兰运动（简称“东伊运”）除了在新疆发动袭击之外，还在北京和其他城市如昆明实施袭击。 据称，新的反恐法草案寻求在打击极端主义和保护人权之间找到平衡。 草案强调，安全当局通过电信和互联网技术获取公民信息时，要“经过严格的批准手续”。依照该法采取技术侦察措施获取的材料，只能用于反恐怖主义应对处置和对犯罪的侦查、起诉和审判，不得用于其他用途。 据台湾“中央社”2月26日报道，大陆反恐怖主义法草案二审稿25日提请十二届全国人大常委会第十三次会议审议。二审稿增加了在公安人员尚未抵达恐怖袭击事件现场时，军队、武警相应人员可行使现场指挥权的内容。 大陆媒体26日报道，反恐法草案二审稿25日提请全国人大常委会会议审议。 在恐怖组织和人员认定上，初稿是由国务院有关部门和省级反恐工作领导机构提出认定申请，采行政认定为主。经过全国人大法律委员会研究后，建议增加规定，让法院在审判刑事案过程中可依法直接认定恐怖组织和人员，并增加外交部为向大陆反恐工作领导机构提出认定恐怖活动组织和人员申请的部门。 （2015-02-27 11:00:00） 【延伸阅读】昆明火车站暴恐案维持一审判决 点击图片进入下一页 10月31日，被告人在法庭上。当日，云南省高级人民法院二审公开开庭审理昆明火车站“3·01”严重暴力恐怖犯罪案件，并当庭裁定，驳回玉山·买买提的上诉，维持一审对依斯坎达尔·艾海提、吐尔洪·托合尼亚孜、玉山·买买提的死刑判决以及判处帕提古丽·托合提无期徒刑的判决。新华社发刘学斌摄 庭审外的特警。 庭审外的特警。 庭审外的特警。 庭审外的特警。 点击图片进入下一页 10月31日，庭审现场。当日，云南省高级人民法院二审公开开庭审理昆明火车站“3·01”严重暴力恐怖犯罪案件，并当庭裁定，驳回玉山·买买提的上诉，维持一审对依斯坎达尔·艾海提、吐尔洪·托合尼亚孜、玉山·买买提的死刑判决以及判处帕提古丽·托合提无期徒刑的判决。新华社发刘学斌摄 点击图片进入下一页 10月31日，警察在云南省高级人民法院外巡逻。当日，云南省高级人民法院二审公开开庭审理昆明火车站“3·01”严重暴力恐怖犯罪案件，并当庭裁定，驳回玉山·买买提的上诉，维持一审对依斯坎达尔·艾海提、吐尔洪·托合尼亚孜、玉山·买买提的死刑判决以及判处帕提古丽·托合提无期徒刑的判决。新华社记者蔺以光摄 点击图片进入下一页 10月31日拍摄的云南省高级人民法院外景。当日，云南省高级人民法院二审公开开庭审理昆明火车站“3·01”严重暴力恐怖犯罪案件，并当庭裁定，驳回玉山·买买提的上诉，维持一审对依斯坎达尔·艾海提、吐尔洪·托合尼亚孜、玉山·买买提的死刑判决以及判处帕提古丽·托合提无期徒刑的判决。新华社记者蔺以光摄 （2014-10-31 14:11:00） （原标题：外媒关注中国对昆明火车站袭击案三罪犯执行死刑）"
"id=""artibodyTitle"" pid=""1"" tid=""1"" did=""31639343"" fid=""1666"">“3?01”昆明火车站严重暴恐案3名罪犯被执行死刑。article_16"" id=""artibody""> 中新网3月24日电 据云南省昆明市中级人民法院官方微博“昆明市中级人民法院”消息，3月24日，云南省昆明市中级人民法院依法对“3?01”昆明火车站严重暴恐案中犯有组织、领导恐怖组织罪、故意杀人罪的被告人伊斯坎达尔·艾海提、吐尔洪·托合尼亚孜、玉山·买买提3名罪犯依法执行了死刑。 （原标题：“3?01”昆明火车站严重暴恐案3名罪犯被执行死刑）"
"id=""artibodyTitle"" pid=""1"" tid=""1"" did=""31639346"" fid=""1666"">昆明火车站暴恐案3罪犯今被执行死刑。article_16"" id=""artibody"">"
"id=""artibodyTitle"" pid=""1"" tid=""1"" did=""31641222"" fid=""1666"">“3·01”昆明暴恐案3名罪犯被执行死刑。article_16"" id=""artibody""> 长江商报消息据昆明中院微博消息，经最高人民法院核准，2015年3月24日，云南省昆明市中级人民法院依法对“3·01”昆明火车站严重暴恐案中犯有组织、领导恐怖组织罪、故意杀人罪的被告人伊斯坎达尔·艾海提、吐尔洪·托合尼亚孜、玉山·买买提3名罪犯依法执行了死刑。 (新华社) （原标题：“3·01”昆明暴恐案3名罪犯被执行死刑）"
"id=""artibodyTitle"" pid=""1"" tid=""1"" did=""31641195"" fid=""1666"">昆明火车站暴恐案。article_16"" id=""artibody""> 昆明火车站暴恐案 3名罪犯被执行死刑 新华社昆明3月24日电（记者 王研）记者从云南省昆明市中级人民法院获悉，经最高人民法院核准，24日，昆明市中级人民法院依法对“3·01”昆明火车站严重暴恐案中犯有组织、领导恐怖组织罪、故意杀人罪的被告人依斯坎达尔·艾海提、吐尔洪·托合尼亚孜、玉山·买买提3名罪犯执行死刑。 （原标题：昆明火车站暴恐案）"
"id=""artibodyTitle"" pid=""1"" tid=""1"" did=""31641520"" fid=""1666"">昆明火车站暴恐案3名罪犯伏法。article_16"" id=""artibody""> 据新华社电记者从云南省昆明市中级人民法院获悉，经最高人民法院核准，24日，昆明市中级人民法院依法对“3·01”昆明火车站严重暴恐案中犯有组织、领导恐怖组织罪、故意杀人罪的被告人依斯坎达尔·艾海提、吐尔洪·托合尼亚孜、玉山·买买提3名罪犯执行死刑。 案情回放 2014年2月27日，依斯坎达尔·艾海提、吐尔洪·托合尼亚孜、玉山·买买提因涉嫌偷越国境在云南沙甸被民警抓获。3月1日，因联系不上依斯坎达尔·艾海提等人，阿卜杜热伊木·库尔班、艾合买提·阿比提、帕提古丽·托合提、阿尔米亚·吐尔逊、盲沙尔·沙塔尔即商定即日按原计划在昆明火车站实施暴力恐怖活动，5人遂携带作案工具，租车从沙甸到达昆明火车站。 21时12分许，5人持刀，从火车站临时候车区开始，经站前广场、第二售票区、售票大厅、小件寄存处等地，打出暴恐旗帜，肆意砍杀无辜群众，致31人死亡，141人受伤，其中40人系重伤。因抗拒抓捕，帕提古丽·托合提被民警开枪击伤并抓获，其余4人被当场击毙。 （原标题：昆明火车站暴恐案3名罪犯伏法）"
"id=""artibodyTitle"" pid=""1"" tid=""1"" did=""31642475"" fid=""1666"">反恐刑事法治的理性构建。article_16"" id=""artibody""> 反恐既是一个国内问题，也是一个国际问题。为进一步完善我国对恐怖犯罪的刑法治理，日前，中国刑法学研究会与北京师范大学刑事法律科学研究院在北京联合举办了“我国惩治恐怖犯罪的立法完善学术座谈会”对《刑法修正案(九)(草案)》中反恐刑法相关规范的进一步完善进行了研讨 □赵秉志袁彬郭晶 恐怖犯罪严重危害公共安全和人民的生命财产安全，是法律惩治的重点。日前已由全国人大常委会进行初次审议的《刑法修正案(九)(草案)》(以下简称“草案”)规定了多个惩治恐怖犯罪的条款，引起了社会各方面的强烈关注。为进一步完善我国对恐怖犯罪的刑法治理，日前，中国刑法学研究会与北京师范大学刑事法律科学研究院在北京联合举办了“我国惩治恐怖犯罪的立法完善学术座谈会”。座谈会由北京师范大学反恐怖法治研究中心承办，中国刑法学研究会名誉会长高铭暄教授、会长赵秉志教授、常务副会长陈泽宪教授、副会长陈忠林教授、莫洪宪教授，知名国际法学者邵沙平教授、马呈元教授等二十余位理论界与实务部门的专家学者参会，对“草案”中反恐刑法相关规范的进一步完善进行了研讨。 理性选择反恐立法模式 合理认定“恐怖主义” 研讨中，与会代表一致认为，过去一年我国暴恐犯罪高发频发，反恐形势严峻，在“草案”中增加恐怖主义犯罪内容，同时启动反恐怖主义法立法是党和国家的正确选择。但对于反恐的立法模式和“恐怖主义”的界定，与会代表也提出了具体的完善建议: 目前我国的反恐立法模式，立法机关采取了刑法典的完善模式，即对于需要增设、修订的刑法内容，通过修改刑法典予以解决，使涉及恐怖活动犯罪的罪刑条款统一、集中规定于刑法典之中。这种完善模式有利于保持恐怖活动犯罪体系的系统性、完整性。 从世界各国反恐立法实践来看，恐怖主义的认定模式主要有三种，即“行政认定”模式、“司法认定”模式及“行政、司法综合认定”模式。选择“行政、司法综合认定”模式，既符合国际反恐立法的潮流，也符合我国反恐的实践。 依照罪刑法定原则的要求，刑法条文必须用清晰的文字表述确切的意思，不得模棱两可。因此，应当通过立法解释或司法解释，对“草案”引入了“恐怖主义”、“极端主义”等新型概念做出权威界定，同时对“恐怖主义”与“恐怖活动犯罪”、“恐怖主义”与“极端主义”、“恐怖活动犯罪”与“极端主义犯罪”这几组概念的关系作出明确区分，以准确锁定反恐怖斗争的对象，为司法机关办理有关案件提供充分的法律依据。另外，“草案”既然引入“恐怖主义”的概念，就应当在刑法中予以界定。否则，实践中法官司法裁判时只得参考《反恐怖主义法(草案 )》对“恐怖主义”的定义。 适度严密反恐法网 适当增加恐怖犯罪类型 与会代表一致赞成应适度严密反恐刑事法网，但在法网的严密程度上，则有着不同的认识。这主要体现在: 质疑“草案”过度犯罪化。“草案”第四条在刑法第一百二十条之下增加四款，规定了四种新罪名。在目前对“恐怖主义”和“极端主义”的概念还争议很大的情况下，将这些行为入刑有过度犯罪化的倾向。面对恐怖主义活动应当严格区分犯罪、一般违法、违反治安管理以及宗教自由行为，不加区分的高压严打可能把宗教人士推到对立面，于国家的反恐怖主义斗争无益。 支持“草案”共犯正犯化。恐怖主义是具有特殊性的犯罪，特殊问题必须特殊对待。世界各国包括西方法治发达的国家，在反恐怖主义的斗争中都突破了普通的侦查手段以及其他刑事程序。提前预防将恐怖活动犯罪的预备、帮助犯正犯化是当前恐怖主义犯罪高发态势下的必然之选。对付暴恐的法律一定要和一般的法律有所区分。与一般的危险犯不同，反恐的关键在于防范、侦查、控制措施。防控暴恐犯罪，主要不是犯了什么罪判什么刑的问题，而是对奇装异服、极端宗教标志等外在表征如何鉴别、控制。若短期不控制，后续发展起来再想打击困难就更大了，所以在面对恐怖活动犯罪时必须从务实的角度考虑事情，“草案”中不少条文就是为了“打早打小”，将恐怖活动组织遏制在萌芽时期。 主张“草案”适度犯罪化。与上述两种观点略有不同，多数与会代表认为，恐怖主义、极端主义的产生有着极其复杂的社会根源，必须通过政治、经济、文化等综合措施，才能达到标本兼治之最终目的。刑法治理手段具有严厉性和局限性，这就要求我们持有一种理性、谨慎的态度，不应将刑法作为应对恐怖主义的唯一或主要手段，将本身包含诸多社会因素的反恐问题期望通过刑事制裁手段全部解决。对于恐怖主义、极端主义行为，“非犯罪化”和“过度犯罪化”都不可取，应当采取“适度犯罪化”的策略，在将严重危害社会行为犯罪化的同时，对可以通过行政制裁调整的行为不以犯罪论处，保证刑法在安全与自由之间达成平衡，以实现刑法维持社会秩序的基本功能。 对于“草案”关于恐怖犯罪的规定，在适度犯罪化的基础上，与会代表提出需适当增设新的恐怖犯罪类型，具体包括: 第一，建议增设“实施恐怖行为罪”。“草案”规定了一系列涉及恐怖主义、极端主义的新罪名，但主要属于暴恐活动的预备行为或煽动行为，并未将暴恐活动的实行行为规定为独立的犯罪。由于我国刑法缺乏专门的反恐罪名，对于具有暴力恐怖色彩的犯罪活动，只能按照故意杀人罪、故意伤害罪、绑架罪、爆炸罪等普通罪名定罪量刑，因此，应当将暴力、破坏性的犯罪类型从刑法分则各章节中分离出来，结合特殊的犯罪目的，合并设置为专门罪名——恐怖活动罪，规定于刑法典分则第二章危害公共安全罪之中。也有与会代表认为，“草案”应当增设“实施恐怖行为罪”，其最高法定刑不一定要配置死刑，配置到无期徒刑即可，情节严重的可以与故意杀人罪、放火、爆炸、决水罪等数罪并罚处以死刑。在此基础上，建议将有关恐怖主义的犯罪集中规定为一节，即将刑法典分则第二章危害公共安全罪划分为数节，专设一节“恐怖主义犯罪”，同时将其他犯罪归纳成节。 第二，建议将“组织他人出境接受暴恐训练”行为入刑。近年来，我国一些新疆维吾尔族人员通过多种方式非法偷渡出境，部分人员经由土耳其前往叙利亚、伊拉克等地，参加所谓的“圣战”，有的返回中国境内策划、实施暴恐活动。根据现行刑法以及“草案”均无法准确评价这种“组织他人出境接受暴恐训练”的行为，可能造成纵罪。另外，如果明知某些人员出境是为了接受暴恐训练，是否可以提前将其管控起来，对组织者是否可以追究刑事责任，都是当前反恐立法中亟待解决的重要问题。 厘清“草案”与相关法律的 关系合理完善恐怖犯罪刑罚 与会代表认为，应加强“草案”与反恐法、刑事诉讼法之间的协调，并明确相应的法律责任。目前，我国正在研拟中的《反恐怖主义法(草案)》，对制作、传播、持有宣扬恐怖主义、极端主义的物品等违法行为，设置了一系列行政处罚措施。在《刑法修正案(九)(草案)》关于反恐的内容中，有多处将“情节严重”作为犯罪成立的要件，应当从总体国家安全观出发，统筹考虑刑法与反恐怖主义法等法律的配套，使行政责任与刑事责任在形式和内容上达成衔接，形成反恐怖斗争的合力。随着刑诉法2012年的全面修订，反恐的某些特别程序大大突破了通行的执法程序设计和执法手段运用。“草案”是对恐怖主义犯罪的第三次增改，也应注重与刑事诉讼法的协调。 有与会代表支持对组织、领导、参加恐怖活动组织罪增加财产刑，主张刑法通过有选择性地剥夺犯罪人的自由、财产、资格乃至生命等，构建起一套对犯罪人不利的后果，实现一般预防和特殊预防的目的。“草案”根据实践中出现的新情况，对组织、领导、参加恐怖组织罪增加规定财产刑，并且根据行为人在恐怖组织中的地位和作用，分别设置了没收财产、应处罚金和选处罚金的不同刑罚，体现了罪责刑相适应原则的要求。 合理借鉴反恐国际经验 积极贯彻国际公约要求 反恐既是一个国内问题，也是一个国际问题。与会代表提出，反恐立法应借鉴域外的成功立法经验，同时积极贯彻联合国相关公约的要求。 有与会代表指出，“草案”针对持有型犯罪的证明特点，将持有宣扬恐怖主义、极端主义的物品、图书、音频视频资料规定为犯罪行为，就是借鉴了英国、澳大利亚等国的做法。行为人持有特定物品，往往是发动恐怖袭击的前行阶段，而在恐怖活动犯罪案件的处理中，主观目的的证明始终是一个难题。为此，英国、澳大利亚等国均规定了“持有与恐怖主义相关物品罪”等罪名，以降低控方对于主观目的的证明难度。 也有与会代表认为，美国是最早对洗钱进行法律控制的国家，在打击资助恐怖主义犯罪方面有着丰富的经验，规定资助恐怖主义罪的《2001年美国爱国者法》尤其值得我们参考学习。对组织、领导、参加恐怖活动组织罪增加财产刑，紧跟了国际立法潮流。以美国为例，美国可以被民事或刑事没收的财产因所犯之罪不同而不同。然而，犯与恐怖主义相关的任何犯罪的个人或组织，其所拥有的一切财产均可被没收。因此，对组织、领导、参加恐怖活动组织罪增加财产刑是借鉴吸收外国立法经验的范例。 有与会代表指出，2013年12月18日，联合国安理会通过了第2129号决议。其特别之处在于对恐怖组织或恐怖分子利用互联网实施恐怖行为，包括煽动、招募、资助或策划等活动表示严重关切，明确要求联合国反恐机构会同各国和有关国际组织加强对上述行为的打击力度。上述内容在“草案”中均得到体现，这说明我国加强了与国际社会在共同打击恐怖主义方面的合作，履行相应的国际义务，更加注重对国际反恐立法的贯彻落实。 （原标题：反恐刑事法治的理性构建）"
"id=""artibodyTitle"" pid=""1"" tid=""1"" did=""31642531"" fid=""1666"">3罪犯被执行死刑。article_16"" id=""artibody""> 记者从云南省昆明市中级人民法院获悉，经最高人民法院核准，24日，昆明市中级人民法院依法对“3·1”昆明火车站严重暴恐案中犯有组织、领导恐怖组织罪，故意杀人罪的被告人依斯坎达尔·艾海提、吐尔洪·托合尼亚孜、玉山·买买提3名罪犯执行死刑。据新华社 （原标题：3罪犯被执行死刑）"
"id=""artibodyTitle"" pid=""1"" tid=""1"" did=""31223506"" fid=""1666"">新疆再发暴恐案11名暴徒被毙。article_16"" id=""artibody""> 楚天金报讯 据新华社电 据新疆维吾尔自治区党委宣传部提供的消息，11月28日13时30分许，一伙暴徒驾乘车辆在莎车县美食街投掷爆燃装置并砍杀群众，造成4人死亡、14人受伤。正在附近巡逻的公安民警立即分两路包抄，将暴徒压制在美食街中部，并及时疏散群众。处置过程中，击毙暴徒11人。现场查获一批爆燃装置、大刀、斧头等作案工具。 （原标题：新疆再发暴恐案11名暴徒被毙）"
"id=""artibodyTitle"" pid=""1"" tid=""1"" did=""31224338"" fid=""1666"">新疆莎车县果断处置一起暴恐袭击案。article_16"" id=""artibody""> 据新华社乌鲁木齐11月29日电 据新疆维吾尔自治区党委宣传部提供的消息，11月28日13时30分许，一伙暴徒驾乘车辆在莎车县美食街投掷爆燃装置并砍杀群众，造成4人死亡、14人受伤。正在附近巡逻的公安民警立即分两路包抄，将暴徒压制在美食街中部，并及时疏散群众。处置过程中，击毙暴徒11人。现场查获一批爆燃装置、大刀、斧头等作案工具。 案件发生后，自治区迅速派出医疗专家赶赴案发地救治伤员，受伤群众已得到有效救治。案件正在进一步调查中。 （原标题：新疆莎车县果断处置一起暴恐袭击案）"
"id=""artibodyTitle"" pid=""1"" tid=""1"" did=""31222296"" fid=""1666"">新疆莎车发生暴恐案致4死14伤 11名暴徒被击毙。article_16"" id=""artibody""> 视频加载中，请稍候..."
